substance_name,substance_uri,predicate,equivalent_node,chemont_uri,relationship_type,equivalent_level,confidence,entity_type
"1,4-Benzenediamine, N,N-mixed Ph and tolyl derivs.",https://data.omgeving.vlaanderen.be/id/concept/chemical_substance/f8989ebdcdb5f01eefcecf88acf5b43b,skos:broadMatch,P-phenylenediamines,https://data.omgeving.vlaanderen.be/id/concept/chemical_substance/0004747,subset,subclass,high,CAS without structure
A mixture of isomers of branched tetracosane,https://data.omgeving.vlaanderen.be/id/concept/chemical_substance/a8dfd0bc2eae49613acd5a64a887737a,skos:broadMatch,Branched alkanes,https://data.omgeving.vlaanderen.be/id/concept/chemical_substance/0004620,subset,subclass,high,Mixture
"Nickel, [29H,31H-phthalocyaninato(2-)-[?]N29,[?]N30,[?]N31,[?]N32]-, sulfo [[4-[[2-(sulfooxy)ethyl]sulfonyl]phenyl]amino]sulfonyl derivs., sodium salts",https://data.omgeving.vlaanderen.be/id/concept/chemical_substance/8d20dc656a5968e85c10244b0b18b53c,skos:broadMatch,Phthalocyanines,https://data.omgeving.vlaanderen.be/id/concept/chemical_substance/0004188,subset,subclass,high,CAS without structure
"Fatty acids, C16-18, 2-hydroxyethyl esters",https://data.omgeving.vlaanderen.be/id/concept/chemical_substance/94958669026bf6008b1e33cd307b467f,skos:broadMatch,Fatty acid esters,https://data.omgeving.vlaanderen.be/id/concept/chemical_substance/0000324,subset,subclass,high,CAS without structure
Anthraquinone acid dye,https://data.omgeving.vlaanderen.be/id/concept/chemical_substance/e18fc5fc91ff767f7f61df7c286c6038,skos:broadMatch,Anthraquinones,https://data.omgeving.vlaanderen.be/id/concept/chemical_substance/0000151,subset,subclass,high,Unclassified
"Benzenesulfonic acid, 4-C10-13-sec-alkyl derivs.",https://data.omgeving.vlaanderen.be/id/concept/chemical_substance/a84d2a7d501937ac0a841196bb803ed5,skos:broadMatch,Benzenesulfonic acids and derivatives,https://data.omgeving.vlaanderen.be/id/concept/chemical_substance/0000032,subset,subclass,high,CAS without structure
sunflower oil fatty acids,https://data.omgeving.vlaanderen.be/id/concept/chemical_substance/c5d4c71c9e6f536069b2c7f00c5a30bf,skos:broadMatch,Fatty acids and conjugates,https://data.omgeving.vlaanderen.be/id/concept/chemical_substance/0000262,subset,subclass,high,CAS without structure
"Fatty acids, C16-18 (even numbered) saturated and C16-20 (even numbered) unsaturated, lithium salts",https://data.omgeving.vlaanderen.be/id/concept/chemical_substance/9542f8202b0baed0e4bd83a94614d3be,skos:broadMatch,Fatty acids and conjugates,https://data.omgeving.vlaanderen.be/id/concept/chemical_substance/0000262,subset,subclass,high,Unclassified
"Glycerides, C12-18 mono- and di-",https://data.omgeving.vlaanderen.be/id/concept/chemical_substance/f825b100529f3240ff69473de0cad8f3,skos:broadMatch,Glycerolipids,https://data.omgeving.vlaanderen.be/id/concept/chemical_substance/0000175,subset,class,high,CAS without structure
Perfluorohexane-1-sulphonic acid and its salts,https://data.omgeving.vlaanderen.be/id/concept/chemical_substance/eb70c74bf897a5c49d0bc599ed274681,skos:broadMatch,Perfluoroalkyl sulfonic acid and derivatives,https://data.omgeving.vlaanderen.be/id/concept/chemical_substance/0003961,subset,subclass,high,Substance group
"phenol, 2-dodecyl-, branched",https://data.omgeving.vlaanderen.be/id/concept/chemical_substance/f0f29902a5d848a19237d6ccd0159827,skos:broadMatch,Phenols,https://data.omgeving.vlaanderen.be/id/concept/chemical_substance/0000134,subset,class,high,Unclassified
"Hydrocarbons, C4, butane conc., n-butene-contg.",https://data.omgeving.vlaanderen.be/id/concept/chemical_substance/27ebde397c7b3d1bad5a3d051e4e086c,skos:broadMatch,Hydrocarbons,https://data.omgeving.vlaanderen.be/id/concept/chemical_substance/0002837,subset,superclass,high,CAS without structure
"Aromatic hydrocarbons, C6-10, C8-rich",https://data.omgeving.vlaanderen.be/id/concept/chemical_substance/a0c8080bb284c9314febe04251edd2f0,skos:broadMatch,Aromatic hydrocarbons,https://data.omgeving.vlaanderen.be/id/concept/chemical_substance/0004477,subset,class,high,CAS without structure
"Fatty acids, C16-18, isononyl esters",https://data.omgeving.vlaanderen.be/id/concept/chemical_substance/aafcdbcde44b36e3240da2c7f4020232,skos:broadMatch,Fatty acid esters,https://data.omgeving.vlaanderen.be/id/concept/chemical_substance/0000324,subset,subclass,high,CAS without structure
"Oxirane, mono[(C8-10-alkyloxy)methyl] derivs.",https://data.omgeving.vlaanderen.be/id/concept/chemical_substance/2cd0c15588640c09759c4c80db26108a,skos:broadMatch,Epoxides,https://data.omgeving.vlaanderen.be/id/concept/chemical_substance/0000159,subset,class,high,CAS without structure
"Phosphorous acid, tri-C12-14-alkyl esters",https://data.omgeving.vlaanderen.be/id/concept/chemical_substance/2d4e9451b142aae122816d5ab7a65f58,skos:broadMatch,Trialkylphosphites,https://data.omgeving.vlaanderen.be/id/concept/chemical_substance/0004484,subset,class,high,CAS without structure
"Alcohols, C18-22, distn. residues",https://data.omgeving.vlaanderen.be/id/concept/chemical_substance/b4e704badf36eeef9ff3bb7410b144bd,skos:broadMatch,Fatty alcohols,https://data.omgeving.vlaanderen.be/id/concept/chemical_substance/0001334,subset,subclass,high,CAS without structure
Triazine derivative,https://data.omgeving.vlaanderen.be/id/concept/chemical_substance/89bc58e04bd8be7bd67bd786ec2086c7,skos:broadMatch,Triazines,https://data.omgeving.vlaanderen.be/id/concept/chemical_substance/0000098,subset,class,high,Unclassified
"Perfluorooctane sulfonic acid (PFOS), its salts and PFOS-related compoundsC8F17SO2X (X = OH, Metal salt (O-M+ ), halide, amide, and other related compounds including polymers)",https://data.omgeving.vlaanderen.be/id/concept/chemical_substance/a2ffb67966f52cd9d1e97eff2c43572e,skos:broadMatch,Perfluoroalkyl sulfonic acid and derivatives,https://data.omgeving.vlaanderen.be/id/concept/chemical_substance/0003961,subset,direct_parent,high,Unclassified
"Glycerides, C14-22 mono-",https://data.omgeving.vlaanderen.be/id/concept/chemical_substance/92895a3e5c3f640d29907ef1774f406b,skos:broadMatch,Monoacylglycerols,https://data.omgeving.vlaanderen.be/id/concept/chemical_substance/0001133,subset,subclass,high,CAS without structure
"Fatty acids, C16-18 tridecyl esters",https://data.omgeving.vlaanderen.be/id/concept/chemical_substance/f3d1cd5316b20b023e2a1d44e358d574,skos:broadMatch,Fatty acid esters,https://data.omgeving.vlaanderen.be/id/concept/chemical_substance/0000324,subset,subclass,high,Unclassified
"Fatty acids, tall-oil, low-boiling",https://data.omgeving.vlaanderen.be/id/concept/chemical_substance/93bd880b9af3d76276d6e1715b259e0e,skos:broadMatch,Fatty acids and conjugates,https://data.omgeving.vlaanderen.be/id/concept/chemical_substance/0000262,subset,subclass,high,CAS without structure
"Amides, C12-18(even numbered), N-[3-(dimethylamino)propyl]",https://data.omgeving.vlaanderen.be/id/concept/chemical_substance/f63fef7d6316c12818697f3ac8708093,skos:broadMatch,Fatty amides,https://data.omgeving.vlaanderen.be/id/concept/chemical_substance/0000331,subset,subclass,high,Unclassified
"Hydrocarbons, C5, n-alkanes, isoalkanes",https://data.omgeving.vlaanderen.be/id/concept/chemical_substance/3c7733730b54b00693ee63a9b428e5bb,skos:broadMatch,Saturated hydrocarbons,https://data.omgeving.vlaanderen.be/id/concept/chemical_substance/0004474,subset,class,high,Unclassified
"Phosphoric Acid, C8-12(even-numbered) linear Alkyl Esters",https://data.omgeving.vlaanderen.be/id/concept/chemical_substance/4872a9240d6efb7380b78a4974cdefa9,skos:broadMatch,Alkyl phosphates,https://data.omgeving.vlaanderen.be/id/concept/chemical_substance/0003457,subset,direct_parent,high,Unclassified
"Alcohols, C11-15-secondary",https://data.omgeving.vlaanderen.be/id/concept/chemical_substance/953ad75925816bca6dd1b10c1c795b1f,skos:broadMatch,Secondary alcohols,https://data.omgeving.vlaanderen.be/id/concept/chemical_substance/0001661,subset,direct_parent,high,CAS without structure
"Hydrocarbons, C≥5, C5-6-rich",https://data.omgeving.vlaanderen.be/id/concept/chemical_substance/bf4c95f7bb5cdee344a86e80e3660263,skos:broadMatch,Hydrocarbons,https://data.omgeving.vlaanderen.be/id/concept/chemical_substance/0002837,subset,superclass,high,CAS without structure
"1,4-bis[(4-C12 (branched and linear) alkylphenyl)amino]anthraquinone",https://data.omgeving.vlaanderen.be/id/concept/chemical_substance/b5b174dab7bc7d89ad62517e8879188c,skos:broadMatch,Anthraquinones,https://data.omgeving.vlaanderen.be/id/concept/chemical_substance/0000151,subset,subclass,high,Unclassified
"Alkenes, C9-11, C10-rich",https://data.omgeving.vlaanderen.be/id/concept/chemical_substance/d4c13ebd7017acef42c2f123ef18c392,skos:broadMatch,Alkenes,https://data.omgeving.vlaanderen.be/id/concept/chemical_substance/0002501,subset,subclass,high,CAS without structure
undecafluorohexanoic acid and its ammonium salt,https://data.omgeving.vlaanderen.be/id/concept/chemical_substance/9750acb219e59e9104e6b6a9d7ae0050,skos:broadMatch,Perfluoroalkyl carboxylic acid and derivatives,https://data.omgeving.vlaanderen.be/id/concept/chemical_substance/0003962,subset,direct_parent,high,Unclassified
"Fatty acids, C18-36, esters with ethylene glycol",https://data.omgeving.vlaanderen.be/id/concept/chemical_substance/52aea2d098b5ea66a74a5534deb64a1e,skos:broadMatch,Fatty acid esters,https://data.omgeving.vlaanderen.be/id/concept/chemical_substance/0000324,subset,subclass,high,CAS without structure
"1,2-benzenedicarboxylic acid, di-C10-12-branched alkyl esters",https://data.omgeving.vlaanderen.be/id/concept/chemical_substance/027e7ba3838ada1fa8b1b0ea1c093215,skos:broadMatch,Phthalic acid and derivatives,https://data.omgeving.vlaanderen.be/id/concept/chemical_substance/0001105,subset,level 5,high,Unclassified
"Glycerides, C16-18 mono- and di-",https://data.omgeving.vlaanderen.be/id/concept/chemical_substance/58fcda5f61cd1a31d59c2b965631ebaf,skos:broadMatch,Glycerolipids,https://data.omgeving.vlaanderen.be/id/concept/chemical_substance/0000175,subset,class,high,CAS without structure
"Fatty acids, C16-18",https://data.omgeving.vlaanderen.be/id/concept/chemical_substance/727ff0e3548c5ac3e377f8fcae0d9aa3,skos:broadMatch,Fatty acids and conjugates,https://data.omgeving.vlaanderen.be/id/concept/chemical_substance/0000262,subset,subclass,high,CAS without structure
"Alkenes, C15-16",https://data.omgeving.vlaanderen.be/id/concept/chemical_substance/336151bd5456ae5e320837ceffe711f4,skos:broadMatch,Alkenes,https://data.omgeving.vlaanderen.be/id/concept/chemical_substance/0002501,subset,subclass,high,Unclassified
"Nickel, [29H,31H-phthalocyaninato(2-)-N29,N30,N31,N32]-, sulfo [[4-[[2-(sulfooxy)ethyl]sulfonyl]phenyl]amino]sulfonyl derivs.",https://data.omgeving.vlaanderen.be/id/concept/chemical_substance/3a83da0f6d25fdf3f719dc9564b0d23e,skos:broadMatch,Phthalocyanines,https://data.omgeving.vlaanderen.be/id/concept/chemical_substance/0004188,subset,subclass,high,CAS without structure
"Fatty acids, coco, 2-ethylhexyl esters",https://data.omgeving.vlaanderen.be/id/concept/chemical_substance/375915e65a47d914df8579cd77b410df,skos:broadMatch,Fatty acid esters,https://data.omgeving.vlaanderen.be/id/concept/chemical_substance/0000324,subset,subclass,high,CAS without structure
"Rhamnolipids: fermentation products of glucose with Pseudomonas putida, Pseudomonacae, partially neutralized, sodium salts",https://data.omgeving.vlaanderen.be/id/concept/chemical_substance/b56d06e268c40148e904dcb46b2ac453,skos:broadMatch,Rhamnolipids,https://data.omgeving.vlaanderen.be/id/concept/chemical_substance/0001765,subset,level 5,high,CAS without structure
"trialkylboranes, solid",https://data.omgeving.vlaanderen.be/id/concept/chemical_substance/f9a996c2a65996f48acfcb4b31f4275f,skos:broadMatch,Trialkylboranes,https://data.omgeving.vlaanderen.be/id/concept/chemical_substance/0004575,subset,subclass,high,Unclassified
"Benzene, C15-16-alkyl derivs.",https://data.omgeving.vlaanderen.be/id/concept/chemical_substance/aa5b278796d1c9bbf321015602809900,skos:broadMatch,Benzene and substituted derivatives,https://data.omgeving.vlaanderen.be/id/concept/chemical_substance/0002279,subset,class,high,Unclassified
"1,2-Benzenedicarboxylic acid, di-C9-11-branched and linear alkyl esters",https://data.omgeving.vlaanderen.be/id/concept/chemical_substance/572b7adb5f729dcf56b05041171d525e,skos:broadMatch,Phthalic acid and derivatives,https://data.omgeving.vlaanderen.be/id/concept/chemical_substance/0001105,subset,level 5,high,CAS without structure
"Hydrocarbons, C11-14, n-alkanes, isoalkanes, <2% aromatics",https://data.omgeving.vlaanderen.be/id/concept/chemical_substance/9434359356900ef9f4cd17c71a415bba,skos:broadMatch,Saturated hydrocarbons,https://data.omgeving.vlaanderen.be/id/concept/chemical_substance/0004474,subset,class,high,Unclassified
"Benzene, C20-24 (even numbered) sec-alkyl derivs.",https://data.omgeving.vlaanderen.be/id/concept/chemical_substance/1eee6969875d8b6dab4c949e8e16c3a5,skos:broadMatch,Benzene and substituted derivatives,https://data.omgeving.vlaanderen.be/id/concept/chemical_substance/0002279,subset,class,high,Unclassified
Cresol,https://data.omgeving.vlaanderen.be/id/concept/chemical_substance/9e26c91ee8d4d60249a0f16150de73a2,skos:exactMatch,Cresols,https://data.omgeving.vlaanderen.be/id/concept/chemical_substance/0001272,exact,subclass,high,CAS without structure
"Amides, C8-10 (even numbered), N-[3-(dimethylamino)propyl]",https://data.omgeving.vlaanderen.be/id/concept/chemical_substance/c593e712fedaf25e3765fc6f7500131d,skos:broadMatch,Fatty amides,https://data.omgeving.vlaanderen.be/id/concept/chemical_substance/0000331,subset,subclass,high,Unclassified
"Fatty alcohols, C12-18 (even numbered), manuf. of, destn. residues",https://data.omgeving.vlaanderen.be/id/concept/chemical_substance/eaccabe04517901829ba3a09b7cecda2,skos:broadMatch,Fatty alcohols,https://data.omgeving.vlaanderen.be/id/concept/chemical_substance/0001334,subset,subclass,high,Unclassified
"Fatty acids, C8-18 and C18-unsatd.",https://data.omgeving.vlaanderen.be/id/concept/chemical_substance/103f50e5b222668217ee5560c8d6402a,skos:broadMatch,Fatty acids and conjugates,https://data.omgeving.vlaanderen.be/id/concept/chemical_substance/0000262,subset,subclass,high,CAS without structure
"Acid chlorides, C16-18 (even numbered)",https://data.omgeving.vlaanderen.be/id/concept/chemical_substance/81832966b4d613ba82c6084bd03aec37,skos:broadMatch,Acyl halides,https://data.omgeving.vlaanderen.be/id/concept/chemical_substance/0002865,subset,class,high,Unclassified
"2,4(or 2,5)-xylenol",https://data.omgeving.vlaanderen.be/id/concept/chemical_substance/69cad30595e272ad60bf6a5fbaf15fde,skos:broadMatch,Xylenols,https://data.omgeving.vlaanderen.be/id/concept/chemical_substance/0004212,subset,subclass,high,CAS without structure
"N-((3R,4R)-1-benzyl-4-alkylpiperidin-3-yl)-2-halogeno-N-alkyl-7H-pyrrolo[2,3-d]pyrimidin-4-amine",https://data.omgeving.vlaanderen.be/id/concept/chemical_substance/1047679df50785b4f4e18ce2f8b3db59,skos:broadMatch,Pyrrolopyrimidines,https://data.omgeving.vlaanderen.be/id/concept/chemical_substance/0001799,subset,class,high,Unclassified
"Amides, C8-18 even numbered, N-[3-(dimethylamino)propyl]",https://data.omgeving.vlaanderen.be/id/concept/chemical_substance/21c5fcd4bbb93e04a9b539a88cbd1612,skos:broadMatch,Fatty amides,https://data.omgeving.vlaanderen.be/id/concept/chemical_substance/0000331,subset,subclass,high,Unclassified
"Amides, C8-10 (even-numbered), N-hydroxyethyl",https://data.omgeving.vlaanderen.be/id/concept/chemical_substance/d3e37e01a559a961dde09f2a3ef460fe,skos:broadMatch,Fatty amides,https://data.omgeving.vlaanderen.be/id/concept/chemical_substance/0000331,subset,subclass,high,Unclassified
"Naphthalenesulfonic acid, butyl-, Me derivs., sodium salts",https://data.omgeving.vlaanderen.be/id/concept/chemical_substance/48e57ff8518dd5e798b26e6b76621031,skos:broadMatch,Naphthalene sulfonic acids and derivatives,https://data.omgeving.vlaanderen.be/id/concept/chemical_substance/0003597,subset,subclass,high,CAS without structure
"1,2-benzenedicarboxylic acid, di-C6-10-alkyl esters or mixed decyl and hexyl and octyl diesters",https://data.omgeving.vlaanderen.be/id/concept/chemical_substance/5b61c929100f8011fa731da60edf77e7,skos:broadMatch,Phthalate esters,https://data.omgeving.vlaanderen.be/id/concept/chemical_substance/0004009,subset,direct_parent,high,Unclassified
"Diphenylether, octabromo derivative C12H2Br8O",https://data.omgeving.vlaanderen.be/id/concept/chemical_substance/902550d65e902b1ef5a34c9e58644c5d,skos:broadMatch,Bromodiphenyl ethers,https://data.omgeving.vlaanderen.be/id/concept/chemical_substance/0001845,subset,subclass,high,Unclassified
polydimethylsiloxane,https://data.omgeving.vlaanderen.be/id/concept/chemical_substance/440a27cc809f3ac9974ef42792827519,skos:broadMatch,Siloxanes,https://data.omgeving.vlaanderen.be/id/concept/chemical_substance/0004446,subset,direct_parent,high,CAS without structure
"Sophorolipids: fermentation products of glucose and fatty acids, C18 (unsaturated), glycerol esters with yeast Starmerella bombicola, partially hydrolysed, partially neutralised, sodium salts",https://data.omgeving.vlaanderen.be/id/concept/chemical_substance/8373ea4eaa5dcf9dc291f0c9bdec663b,skos:broadMatch,Sophorolipids,https://data.omgeving.vlaanderen.be/id/concept/chemical_substance/0002201,subset,subclass,high,Unclassified
"Oxirane, mono[(C12-14-alkyloxy)methyl] derivs.",https://data.omgeving.vlaanderen.be/id/concept/chemical_substance/ad6ad0d4c0476fff29eab7e00c53bc47,skos:broadMatch,Epoxides,https://data.omgeving.vlaanderen.be/id/concept/chemical_substance/0000159,subset,class,high,CAS without structure
"Alcohols, C14-15-branched and linear",https://data.omgeving.vlaanderen.be/id/concept/chemical_substance/c2a9f8af36bdc319a9c85caed4d3f16f,skos:broadMatch,Fatty alcohols,https://data.omgeving.vlaanderen.be/id/concept/chemical_substance/0001334,subset,subclass,high,Unclassified
"1-Propanaminium, 3-amino-N-[2-[(2-hydroxyethyl)amino]-2-oxoethyl]-N,N-dimethyl-, N-C12-18 acyl derivs., chlorides",https://data.omgeving.vlaanderen.be/id/concept/chemical_substance/a43a49de59800050cd72876648186941,skos:broadMatch,Quaternary ammonium salts,https://data.omgeving.vlaanderen.be/id/concept/chemical_substance/0000503,subset,subclass,high,CAS without structure
"phenols, butylated, isobutylated or octylated",https://data.omgeving.vlaanderen.be/id/concept/chemical_substance/48c616caf32f0f746e8c42aa06271fba,skos:broadMatch,Phenols,https://data.omgeving.vlaanderen.be/id/concept/chemical_substance/0000134,subset,class,high,CAS without structure
Chlorinated paraffins with carbon chain lengths in the range C14-17 and chlorination levels at or exceeding 45 per cent chlorine by weight,https://data.omgeving.vlaanderen.be/id/concept/chemical_substance/280682f710ed85d799562c470dc031f2,skos:broadMatch,Organochlorides,https://data.omgeving.vlaanderen.be/id/concept/chemical_substance/0001516,subset,class,high,Unclassified
"1,2-Benzenedicarboxylic acid, di-C8-10-branched alkyl esters, C9-rich",https://data.omgeving.vlaanderen.be/id/concept/chemical_substance/e20b73b01e6dd286e2838e79b9e19411,skos:broadMatch,Phthalic acid and derivatives,https://data.omgeving.vlaanderen.be/id/concept/chemical_substance/0001105,subset,level 5,high,CAS without structure
perilla oil fatty acids,https://data.omgeving.vlaanderen.be/id/concept/chemical_substance/e6434d478b935a20b3d6aeea10d14074,skos:broadMatch,Fatty acids and conjugates,https://data.omgeving.vlaanderen.be/id/concept/chemical_substance/0000262,subset,subclass,high,Unclassified
chloroanilines (with exception of those specified elsewhere in this Annex),https://data.omgeving.vlaanderen.be/id/concept/chemical_substance/5b3ccedc65494695d8e8d1416a1e157c,skos:broadMatch,Chloroanilines,https://data.omgeving.vlaanderen.be/id/concept/chemical_substance/0004526,subset,subclass,high,Unclassified
organic compounds of mercury with the exception of those specified elsewhere in this Annex,https://data.omgeving.vlaanderen.be/id/concept/chemical_substance/027f66995cfef5aef79c2550dd3a6e28,skos:broadMatch,Organomercurial compounds,https://data.omgeving.vlaanderen.be/id/concept/chemical_substance/0000407,subset,subclass,high,Unclassified
"4,4'-[2,2,2-trifluoro-1-(trifluoromethyl)ethylidene]diphenol and its salts",https://data.omgeving.vlaanderen.be/id/concept/chemical_substance/3ce402efe68b400fd1d6b7223ec67326,skos:broadMatch,Bisphenols,https://data.omgeving.vlaanderen.be/id/concept/chemical_substance/0000143,subset,subclass,high,Substance group
"salts of hydrogen cyanide with the exception of complex cyanides such as ferrocyanides, ferricyanides and mercuric oxycyanide and those specified elsewhere in this Annex",https://data.omgeving.vlaanderen.be/id/concept/chemical_substance/0edbb9326fa6880aa642b8f0e433131b,skos:broadMatch,Cyanide salts,https://data.omgeving.vlaanderen.be/id/concept/chemical_substance/0004026,subset,class,high,Unclassified
"Cadmium laurate, palmitate, stearate",https://data.omgeving.vlaanderen.be/id/concept/chemical_substance/867075bdbaef4ce6f8584ae109af575c,skos:broadMatch,Organic cadmium salts,https://data.omgeving.vlaanderen.be/id/concept/chemical_substance/0004075,subset,subclass,high,CAS without structure
"9,10-Anthracenedione, 1,4-diamino-, N,N'-mixed 2-ethylhexyl and hexyl and octyl derivs.",https://data.omgeving.vlaanderen.be/id/concept/chemical_substance/65bdf997d18208ef29e6265f322f1f1f,skos:broadMatch,Anthraquinones,https://data.omgeving.vlaanderen.be/id/concept/chemical_substance/0000151,subset,subclass,high,CAS without structure
Perfluorononan-1-oic-acid and its sodium and ammonium salts,https://data.omgeving.vlaanderen.be/id/concept/chemical_substance/41edfc576273982078faa58b7861939c,skos:broadMatch,Perfluoroalkyl carboxylic acid and derivatives,https://data.omgeving.vlaanderen.be/id/concept/chemical_substance/0003962,subset,direct_parent,high,Unclassified
"glycerol, esters with oleic acid",https://data.omgeving.vlaanderen.be/id/concept/chemical_substance/57bb7f3865880416f410218af479f22b,skos:broadMatch,Glycerolipids,https://data.omgeving.vlaanderen.be/id/concept/chemical_substance/0000175,subset,class,high,Unclassified
"stannane, dioctyl-, bis (coco acyloxy) derivs.",https://data.omgeving.vlaanderen.be/id/concept/chemical_substance/111a686734e94ebcf864caa9cf26d554,skos:broadMatch,Dialkyltin dicarboxylates,https://data.omgeving.vlaanderen.be/id/concept/chemical_substance/0004085,subset,direct_parent,high,CAS without structure
palm oil fatty acids,https://data.omgeving.vlaanderen.be/id/concept/chemical_substance/d33ebdf97415b412f73b04c92ed814b7,skos:broadMatch,Fatty acids and conjugates,https://data.omgeving.vlaanderen.be/id/concept/chemical_substance/0000262,subset,subclass,high,Unclassified
"Fatty acids, C14-18 and C16-18-unsatd., Me esters",https://data.omgeving.vlaanderen.be/id/concept/chemical_substance/18606cee6f713724cd4c24d587ebcece,skos:broadMatch,Fatty acid methyl esters,https://data.omgeving.vlaanderen.be/id/concept/chemical_substance/0003417,subset,subclass,high,CAS without structure
"Alkanes, C14-17, chloro",https://data.omgeving.vlaanderen.be/id/concept/chemical_substance/2936365aa5e957c83d5e5680326cf868,skos:broadMatch,Alkyl chlorides,https://data.omgeving.vlaanderen.be/id/concept/chemical_substance/0001026,subset,subclass,high,CAS without structure
"D-Glucose, reaction products with alcohols C16-18 (even numbered)",https://data.omgeving.vlaanderen.be/id/concept/chemical_substance/9be1661957e9d75ee99b1177f1acaf63,skos:broadMatch,Alkyl glycosides,https://data.omgeving.vlaanderen.be/id/concept/chemical_substance/0002125,subset,direct_parent,high,Unclassified
"Sophorolipids: fermentation products of glucose and fatty acids, C18 (unsaturated), glycerol esters with yeast Starmerella Bombicola",https://data.omgeving.vlaanderen.be/id/concept/chemical_substance/ebc9930bdb2ec79b9c6c6b125afc0d8a,skos:broadMatch,Sophorolipids,https://data.omgeving.vlaanderen.be/id/concept/chemical_substance/0002201,subset,subclass,high,Unclassified
fish oil fatty acids,https://data.omgeving.vlaanderen.be/id/concept/chemical_substance/e83eda3faf0de106806e649059e77f33,skos:broadMatch,Fatty acids and conjugates,https://data.omgeving.vlaanderen.be/id/concept/chemical_substance/0000262,subset,subclass,high,Unclassified
Polycyclic aromatic hydrocarbons (PAHs),https://data.omgeving.vlaanderen.be/id/concept/chemical_substance/c86a50cb00cc994157a9d48621e50b29,skos:broadMatch,Polycyclic hydrocarbons,https://data.omgeving.vlaanderen.be/id/concept/chemical_substance/0004149,subset,class,high,Unclassified
naphthalene sulfonates,https://data.omgeving.vlaanderen.be/id/concept/chemical_substance/f82efea6d09df8fd36b7013d4d699019,skos:exactMatch,Naphthalene sulfonates,https://data.omgeving.vlaanderen.be/id/concept/chemical_substance/0003310,exact,subclass,high,Unclassified
"Fatty acids, sunflower-oil, conjugated",https://data.omgeving.vlaanderen.be/id/concept/chemical_substance/2098a50ae94148af66d363c789933fbc,skos:broadMatch,Fatty acids and conjugates,https://data.omgeving.vlaanderen.be/id/concept/chemical_substance/0000262,subset,subclass,high,CAS without structure
"Octadecanoic acid, C16-20-branched alkyl esters",https://data.omgeving.vlaanderen.be/id/concept/chemical_substance/bf6c96043d4f92e83f07022a23cb990b,skos:broadMatch,Fatty acid esters,https://data.omgeving.vlaanderen.be/id/concept/chemical_substance/0000324,subset,subclass,high,CAS without structure
Alkenes C20+,https://data.omgeving.vlaanderen.be/id/concept/chemical_substance/2ad19826f20c49743fc4e9168c97d81e,skos:broadMatch,Alkenes,https://data.omgeving.vlaanderen.be/id/concept/chemical_substance/0002501,subset,direct_parent,high,Unclassified
"fatty acids, tall oil",https://data.omgeving.vlaanderen.be/id/concept/chemical_substance/80d3ed741a124c922fbc8a40ecd72a8b,skos:broadMatch,Fatty acids and conjugates,https://data.omgeving.vlaanderen.be/id/concept/chemical_substance/0000262,subset,subclass,high,CAS without structure
"Copper, [29H,31H-phthalocyaninato(2-)-N29,N30,N31,N32]-, aminosulfonyl sulfo derivs., sodium salts",https://data.omgeving.vlaanderen.be/id/concept/chemical_substance/dfdf2330b9d8fe33bbfb530d8fbed0e4,skos:broadMatch,Phthalocyanines,https://data.omgeving.vlaanderen.be/id/concept/chemical_substance/0004188,subset,subclass,high,CAS without structure
"Carbamodithioic acid, bis(mixed 2-ethylhexyl and 2-methylbutyl and pentyl) derivs., antimony (3+) salts",https://data.omgeving.vlaanderen.be/id/concept/chemical_substance/518f04684162c518fc073b53eab04d24,skos:broadMatch,Dithiocarbamic acids and derivatives,https://data.omgeving.vlaanderen.be/id/concept/chemical_substance/0003934,subset,class,high,CAS without structure
"Fatty acids, C16-18 and C18-unsatd., Bu esters",https://data.omgeving.vlaanderen.be/id/concept/chemical_substance/f7617fdb88a012580634fdabca66b92f,skos:broadMatch,Fatty acid esters,https://data.omgeving.vlaanderen.be/id/concept/chemical_substance/0000324,subset,subclass,high,CAS without structure
Diaminotoluene,https://data.omgeving.vlaanderen.be/id/concept/chemical_substance/034aac935ae012d18713c869347b51c9,skos:exactMatch,Diaminotoluenes,https://data.omgeving.vlaanderen.be/id/concept/chemical_substance/0003965,exact,subclass,high,CAS without structure
PHENYLENEDIAMINE DYE,https://data.omgeving.vlaanderen.be/id/concept/chemical_substance/7207d4fe925c6b97a11f23fbd7cf56d1,skos:broadMatch,Phenylenediamines,https://data.omgeving.vlaanderen.be/id/concept/chemical_substance/0004744,subset,subclass,high,Unclassified
"poly(oxy-1,2-ethanediyl), .alpha.-(4-hydroxybutyl)-.omega.-hydroxy",https://data.omgeving.vlaanderen.be/id/concept/chemical_substance/ccb593b62de73054e44beda09f94f2c3,skos:broadMatch,Polyethylene glycols,https://data.omgeving.vlaanderen.be/id/concept/chemical_substance/0003338,subset,direct_parent,high,CAS without structure
Reaction products of boric acid and lithium hydroxide,https://data.omgeving.vlaanderen.be/id/concept/chemical_substance/38b4779da2440318acec4a6fee4074a0,skos:broadMatch,Alkali metal borates,https://data.omgeving.vlaanderen.be/id/concept/chemical_substance/0000895,subset,subclass,high,Unclassified
"Diundecyl phthalate, branched and linear",https://data.omgeving.vlaanderen.be/id/concept/chemical_substance/120a56afdf8987de9f29fff8feb009b1,skos:broadMatch,Phthalate esters,https://data.omgeving.vlaanderen.be/id/concept/chemical_substance/0004009,subset,direct_parent,high,CAS without structure
"Alkanes, C<sub>12-26</sub>-branched and linear",https://data.omgeving.vlaanderen.be/id/concept/chemical_substance/7e4dc524d4486db7c746f191d5bce113,skos:broadMatch,Alkanes,https://data.omgeving.vlaanderen.be/id/concept/chemical_substance/0002500,subset,subclass,high,CAS without structure
"Hydrocarbons, C4, 1,3-butadiene- and isobutene-free",https://data.omgeving.vlaanderen.be/id/concept/chemical_substance/167a93612f820f9f7e6d9c266898cc56,skos:broadMatch,Hydrocarbons,https://data.omgeving.vlaanderen.be/id/concept/chemical_substance/0002837,subset,superclass,high,CAS without structure
"Fatty acids, C16-18, esters with diethylene glycol",https://data.omgeving.vlaanderen.be/id/concept/chemical_substance/41187156858d67c8fe28cdbde22b54cd,skos:broadMatch,Fatty acid esters,https://data.omgeving.vlaanderen.be/id/concept/chemical_substance/0000324,subset,subclass,high,CAS without structure
"Fatty acids, C14-18 and C16-18-unsatd., esters with neopentyl glycol",https://data.omgeving.vlaanderen.be/id/concept/chemical_substance/0f6454616516aa1773b7df56a1bbfa24,skos:broadMatch,Fatty acid esters,https://data.omgeving.vlaanderen.be/id/concept/chemical_substance/0000324,subset,subclass,high,CAS without structure
"Copper, [29H,31H-phthalocyaninato(2-)-N29,N30,N31,N32]-, [[2-[(4-chloro-6-methoxy-1,3,5-triazin-2-yl)amino]ethyl]amino]sulfonyl sulfo derivs., sodium salts",https://data.omgeving.vlaanderen.be/id/concept/chemical_substance/f8bd019a10ddab8a2740bd41a84dbff3,skos:broadMatch,Phthalocyanines,https://data.omgeving.vlaanderen.be/id/concept/chemical_substance/0004188,subset,subclass,high,CAS without structure
chlorotoluene,https://data.omgeving.vlaanderen.be/id/concept/chemical_substance/2ee42ef92661fe102d384fc5281719c6,skos:broadMatch,Halotoluenes,https://data.omgeving.vlaanderen.be/id/concept/chemical_substance/0004528,subset,subclass,high,CAS without structure
"Fatty acids, C16-18, Bu esters",https://data.omgeving.vlaanderen.be/id/concept/chemical_substance/4450bb19a841c58615f9efa4ebb01d57,skos:broadMatch,Fatty acid esters,https://data.omgeving.vlaanderen.be/id/concept/chemical_substance/0000324,subset,subclass,high,CAS without structure
"Amides, coco, N-[3-(dimethylamino)propyl]",https://data.omgeving.vlaanderen.be/id/concept/chemical_substance/3e025a69689b410d7e5c51907abd3556,skos:broadMatch,Fatty amides,https://data.omgeving.vlaanderen.be/id/concept/chemical_substance/0000331,subset,subclass,high,CAS without structure
Xylene,https://data.omgeving.vlaanderen.be/id/concept/chemical_substance/d794d09ea37b5100e93b8474ec667b91,skos:exactMatch,Xylenes,https://data.omgeving.vlaanderen.be/id/concept/chemical_substance/0004208,exact,subclass,high,CAS without structure
"Amides, C8-18 (even numbered) and C18-unsatd., N-(hydroxyethyl)",https://data.omgeving.vlaanderen.be/id/concept/chemical_substance/8fbbf23db552229f6d8152235f059802,skos:broadMatch,Fatty amides,https://data.omgeving.vlaanderen.be/id/concept/chemical_substance/0000331,subset,subclass,high,Unclassified
"Benzenesulfonic acid, mono- and dialkylation products with C16-20 (even numbered, branched and linear) olefins",https://data.omgeving.vlaanderen.be/id/concept/chemical_substance/0a5f4a33ec187b0b2b990231062b7214,skos:broadMatch,Benzenesulfonic acids and derivatives,https://data.omgeving.vlaanderen.be/id/concept/chemical_substance/0000032,subset,subclass,high,Unclassified
"Amides, C10-12 (even numbered) and C18 (unsaturated) alkyl, N, N-bis(hydroxyethyl)",https://data.omgeving.vlaanderen.be/id/concept/chemical_substance/be4cfc570536607cc7382d4c6f1a5265,skos:broadMatch,Fatty amides,https://data.omgeving.vlaanderen.be/id/concept/chemical_substance/0000331,subset,subclass,high,Unclassified
"Naphthalenesulfonic acids, branched and linear Bu derivs., sodium salts",https://data.omgeving.vlaanderen.be/id/concept/chemical_substance/96fc32afea6ebfc12c756c4e31d39b3d,skos:broadMatch,Naphthalene sulfonic acids and derivatives,https://data.omgeving.vlaanderen.be/id/concept/chemical_substance/0003597,subset,subclass,high,CAS without structure
salts of hyoscyamine,https://data.omgeving.vlaanderen.be/id/concept/chemical_substance/d996b837c86ee1db98222cf926f42eed,skos:broadMatch,Tropane alkaloids,https://data.omgeving.vlaanderen.be/id/concept/chemical_substance/0000492,subset,class,high,Unclassified
Straight Chain Lepidopteran Pheromones (SCLPs) - Aldehydes,https://data.omgeving.vlaanderen.be/id/concept/chemical_substance/fa3b86f994accc57836169216d9245fe,skos:broadMatch,Fatty aldehydes,https://data.omgeving.vlaanderen.be/id/concept/chemical_substance/0000298,subset,subclass,high,Unclassified
"Sulfuric acid, mono-C16-18-alkyl esters, sodium salts",https://data.omgeving.vlaanderen.be/id/concept/chemical_substance/34d21932c6529152e92b6230b679d7a4,skos:broadMatch,Sulfuric acid monoesters,https://data.omgeving.vlaanderen.be/id/concept/chemical_substance/0001185,subset,subclass,high,CAS without structure
"Benzenesulfonic acid, mono-C11-13-branched alkyl derivs., sodium salts",https://data.omgeving.vlaanderen.be/id/concept/chemical_substance/8085975643edd67560802039fc00a8db,skos:broadMatch,Benzenesulfonic acids and derivatives,https://data.omgeving.vlaanderen.be/id/concept/chemical_substance/0000032,subset,subclass,high,CAS without structure
"glycerol, esters with myristic acid",https://data.omgeving.vlaanderen.be/id/concept/chemical_substance/89c539987d6fa6c4e65f4bf9daeece38,skos:broadMatch,Glycerolipids,https://data.omgeving.vlaanderen.be/id/concept/chemical_substance/0000175,subset,class,high,Unclassified
"Alkenes, C6-8",https://data.omgeving.vlaanderen.be/id/concept/chemical_substance/ec4c13f5fd98d26814b9ccecfd5dd588,skos:broadMatch,Alkenes,https://data.omgeving.vlaanderen.be/id/concept/chemical_substance/0002501,subset,subclass,high,Unclassified
"Amides, C8-18 (even numbered) and C18-unsatd., N,N-bis(hydroxyethyl)",https://data.omgeving.vlaanderen.be/id/concept/chemical_substance/d2e9dba29e75b1bce31a4572ba061c0f,skos:broadMatch,Fatty amides,https://data.omgeving.vlaanderen.be/id/concept/chemical_substance/0000331,subset,subclass,high,Unclassified
"Sulfuric acid, C10-12 (even numbered)-alkyl esters, sodium salts",https://data.omgeving.vlaanderen.be/id/concept/chemical_substance/bcebe52236d4ed024d66d2967be43595,skos:broadMatch,Sulfuric acid esters,https://data.omgeving.vlaanderen.be/id/concept/chemical_substance/0003455,subset,subclass,high,Unclassified
"Amines, (C16-18 and C18-unsatd. alkyl)dimethyl",https://data.omgeving.vlaanderen.be/id/concept/chemical_substance/91bf8dffcdd08e5a526cd6bbf616c4e1,skos:broadMatch,Tertiary amines,https://data.omgeving.vlaanderen.be/id/concept/chemical_substance/0002452,subset,direct_parent,high,CAS without structure
"Methyl ester of fatty acids, Cx-Cy, Hydroxymethylated",https://data.omgeving.vlaanderen.be/id/concept/chemical_substance/ba9cf006876d7246dcdd9047819c0381,skos:broadMatch,Fatty acid methyl esters,https://data.omgeving.vlaanderen.be/id/concept/chemical_substance/0003417,subset,subclass,high,Unclassified
"Alkenes, C20-24 α-",https://data.omgeving.vlaanderen.be/id/concept/chemical_substance/bdd13d6c0586de73c53ee396d4d37060,skos:broadMatch,Alkenes,https://data.omgeving.vlaanderen.be/id/concept/chemical_substance/0002501,subset,direct_parent,high,CAS without structure
"Fatty acids, coco, hydrogenated",https://data.omgeving.vlaanderen.be/id/concept/chemical_substance/daaffe2a7d8b1912a7a241a5d935f291,skos:broadMatch,Fatty acids and conjugates,https://data.omgeving.vlaanderen.be/id/concept/chemical_substance/0000262,subset,subclass,high,CAS without structure
"Plumbane, ethyl methyl derivs.",https://data.omgeving.vlaanderen.be/id/concept/chemical_substance/5e9eb8df3beffba8c908f17eba2019cc,skos:broadMatch,Organolead compounds,https://data.omgeving.vlaanderen.be/id/concept/chemical_substance/0004024,subset,subclass,high,CAS without structure
"Fatty acids, C14-18 and C18-unsatd., branched and linear, Me esters",https://data.omgeving.vlaanderen.be/id/concept/chemical_substance/28d6bda6654aa1d9f4e375a6f82d5a5c,skos:broadMatch,Fatty acid methyl esters,https://data.omgeving.vlaanderen.be/id/concept/chemical_substance/0003417,subset,subclass,high,CAS without structure
hempseed oil fatty acids,https://data.omgeving.vlaanderen.be/id/concept/chemical_substance/72ffd1be2f2f4ebeac89f8add0abadd4,skos:broadMatch,Fatty acids and conjugates,https://data.omgeving.vlaanderen.be/id/concept/chemical_substance/0000262,subset,subclass,high,Unclassified
Perfluoroheptanoic acid and its salts,https://data.omgeving.vlaanderen.be/id/concept/chemical_substance/8d4922fdec440c0031144fac48f77384,skos:broadMatch,Perfluoroalkyl carboxylic acid and derivatives,https://data.omgeving.vlaanderen.be/id/concept/chemical_substance/0003962,subset,direct_parent,high,Substance group
"Low chlorinated copper, [29H,31Hphthalocyaninato(2-)-N29,N30,N31,N32]-, wherein the number of chlorines ismore than or equal to 0 and less than or equal to 5",https://data.omgeving.vlaanderen.be/id/concept/chemical_substance/a261157927488d90ef03b5df05687003,skos:broadMatch,Phthalocyanines,https://data.omgeving.vlaanderen.be/id/concept/chemical_substance/0004188,subset,subclass,high,Unclassified
"1,2-Benzenedicarboxylic acid, di-C6-10-alkyl esters",https://data.omgeving.vlaanderen.be/id/concept/chemical_substance/76d253e91e806991d169631533341056,skos:broadMatch,Phthalate esters,https://data.omgeving.vlaanderen.be/id/concept/chemical_substance/0004009,subset,direct_parent,high,CAS without structure
"Hydrocarbons, C6, isoalkanes, <5% n-hexane",https://data.omgeving.vlaanderen.be/id/concept/chemical_substance/c80ea9a5895a73b4585368409d04a6af,skos:broadMatch,Branched alkanes,https://data.omgeving.vlaanderen.be/id/concept/chemical_substance/0004620,subset,subclass,high,Unclassified
"Benzoic acid, 4-hydroxy- ester with alcohols C18-22-alkyl (even numbered)",https://data.omgeving.vlaanderen.be/id/concept/chemical_substance/1d196d7313732255222927eccf31f112,skos:broadMatch,p-Hydroxybenzoic acid alkyl esters,https://data.omgeving.vlaanderen.be/id/concept/chemical_substance/0004702,subset,direct_parent,high,CAS without structure
"Naphthalene, chloro derivs.",https://data.omgeving.vlaanderen.be/id/concept/chemical_substance/3e0b277883c9eebd77df7bbcd655d6f3,skos:exactMatch,Chloronaphthalenes,https://data.omgeving.vlaanderen.be/id/concept/chemical_substance/0004794,exact,subclass,high,CAS without structure
"acetic acid ethenyl ester, polymer with chloroethene and ethene",https://data.omgeving.vlaanderen.be/id/concept/chemical_substance/11ef8068b113fe4656cf6af2b2920980,skos:broadMatch,Organic Polymers,https://data.omgeving.vlaanderen.be/id/concept/chemical_substance/0003297,subset,superclass,high,CAS without structure
"Alkenes, C10-14-branched and linear, C12-rich",https://data.omgeving.vlaanderen.be/id/concept/chemical_substance/5c7d0f052c8869434b5afc0392e2954b,skos:broadMatch,Alkenes,https://data.omgeving.vlaanderen.be/id/concept/chemical_substance/0002501,subset,subclass,high,CAS without structure
"Glycerides, C16-18 mono-, di- and tri-",https://data.omgeving.vlaanderen.be/id/concept/chemical_substance/0b490ac6b06450338dff5b8961eff18c,skos:broadMatch,Glycerolipids,https://data.omgeving.vlaanderen.be/id/concept/chemical_substance/0000175,subset,class,high,CAS without structure
"Fatty acids, vegetable-oil, esters with neopentyl glycol",https://data.omgeving.vlaanderen.be/id/concept/chemical_substance/02a1d740526d4bcb3cd0793a424b1d95,skos:broadMatch,Fatty acid esters,https://data.omgeving.vlaanderen.be/id/concept/chemical_substance/0000324,subset,subclass,high,CAS without structure
Polycyclic-aromatic hydrocarbons (PAH),https://data.omgeving.vlaanderen.be/id/concept/chemical_substance/268fa3e347620742662adea7c0835f33,skos:broadMatch,Polycyclic hydrocarbons,https://data.omgeving.vlaanderen.be/id/concept/chemical_substance/0004149,subset,class,high,Substance group
"salts of thiocyanic acid, with the exception of those specified elsewhere in this Annex",https://data.omgeving.vlaanderen.be/id/concept/chemical_substance/1da7885bc10f12891fcc23e66ecf283d,skos:broadMatch,Thiocyanates,https://data.omgeving.vlaanderen.be/id/concept/chemical_substance/0001201,subset,class,high,Unclassified
Reactionmass of octan-2-yl prop-2-enoate and octan-3-yl prop-2-enoate and octan-4-yl prop-2-enoate,https://data.omgeving.vlaanderen.be/id/concept/chemical_substance/6975ba7f3f90244be50d965a0056b068,skos:broadMatch,Acrylic acid esters,https://data.omgeving.vlaanderen.be/id/concept/chemical_substance/0004452,subset,subclass,high,Unclassified
"Perfluorohexane sulfonic acid (PFHxS), its salts and PFHxS-related compounds",https://data.omgeving.vlaanderen.be/id/concept/chemical_substance/3ca7d873baa12a3d56d26ff0f9c047ea,skos:broadMatch,Perfluoroalkyl sulfonic acid and derivatives,https://data.omgeving.vlaanderen.be/id/concept/chemical_substance/0003961,subset,direct_parent,high,Substance group
Polychlorinated naphthalenes,https://data.omgeving.vlaanderen.be/id/concept/chemical_substance/20ca14359205209490188faa7ac1743b,skos:broadMatch,Chloronaphthalenes,https://data.omgeving.vlaanderen.be/id/concept/chemical_substance/0004794,subset,subclass,high,Unclassified
"Amides, C16-18 (even numbered), N-C16-18 (even numbered) alkyl",https://data.omgeving.vlaanderen.be/id/concept/chemical_substance/04149c4733f768552b00cc7f0fc83ac6,skos:broadMatch,Fatty amides,https://data.omgeving.vlaanderen.be/id/concept/chemical_substance/0000331,subset,subclass,high,Unclassified
"Hydrocarbons, C3",https://data.omgeving.vlaanderen.be/id/concept/chemical_substance/7d16efd69355b0fdea634ceece63a70a,skos:broadMatch,Hydrocarbons,https://data.omgeving.vlaanderen.be/id/concept/chemical_substance/0002837,subset,superclass,high,CAS without structure
"Fatty acids, C16-18 and C18-unsatd., Me esters",https://data.omgeving.vlaanderen.be/id/concept/chemical_substance/270a6a8c24bba96a34f7df652dcde9c5,skos:broadMatch,Fatty acid methyl esters,https://data.omgeving.vlaanderen.be/id/concept/chemical_substance/0003417,subset,subclass,high,CAS without structure
aluminium alkyls,https://data.omgeving.vlaanderen.be/id/concept/chemical_substance/9517fa94d16ae3c0bd7b51be58f34a94,skos:exactMatch,Alkylaluminium and derivatives,https://data.omgeving.vlaanderen.be/id/concept/chemical_substance/0004568,exact,direct_parent,high,Unclassified
"Amides, C12-18(even-numbered) and C18(unsatd.), N,N-bis(hydroxyethyl)",https://data.omgeving.vlaanderen.be/id/concept/chemical_substance/811676af4f634ddc8d2d19749dd660a0,skos:broadMatch,Fatty amides,https://data.omgeving.vlaanderen.be/id/concept/chemical_substance/0000331,subset,subclass,high,CAS without structure
Hexabromodiphenyl ether (group),https://data.omgeving.vlaanderen.be/id/concept/chemical_substance/9580af763f7b83f658da4edf6e73d48a,skos:broadMatch,Bromodiphenyl ethers,https://data.omgeving.vlaanderen.be/id/concept/chemical_substance/0001845,subset,subclass,high,Substance group
AMINO SUCCINIC ACID DERIVATIVE,https://data.omgeving.vlaanderen.be/id/concept/chemical_substance/c237dda5074733106db4b0c9f2a3ca8a,skos:exactMatch,Aspartic acid and derivatives,https://data.omgeving.vlaanderen.be/id/concept/chemical_substance/0004317,exact,direct_parent,high,Unclassified
"Fatty acids, C8-18 and C18-unsatd., barium salts",https://data.omgeving.vlaanderen.be/id/concept/chemical_substance/575f9b0d13a65d003c7fcc97f4c31cca,skos:broadMatch,Fatty acids and conjugates,https://data.omgeving.vlaanderen.be/id/concept/chemical_substance/0000262,subset,subclass,high,CAS without structure
"Fatty acids, C16-18 and C18-unsatd., esters with sorbitol",https://data.omgeving.vlaanderen.be/id/concept/chemical_substance/f4456a21af73ca3fa9a7ca8e676dd807,skos:broadMatch,Fatty acid esters,https://data.omgeving.vlaanderen.be/id/concept/chemical_substance/0000324,subset,subclass,high,CAS without structure
"Amides, tall-oil fatty, N-[3-(dimethylamino)propyl]",https://data.omgeving.vlaanderen.be/id/concept/chemical_substance/2f68c1ec4ad75ead6acf0fbb8ea1be7b,skos:broadMatch,Fatty amides,https://data.omgeving.vlaanderen.be/id/concept/chemical_substance/0000331,subset,subclass,high,CAS without structure
"Alkenes, C>8",https://data.omgeving.vlaanderen.be/id/concept/chemical_substance/dee1020f37e2c756601586ebea7cbf1b,skos:broadMatch,Alkenes,https://data.omgeving.vlaanderen.be/id/concept/chemical_substance/0002501,subset,subclass,high,CAS without structure
"Glycerides, C16-18 and C18-unsatd. mono-",https://data.omgeving.vlaanderen.be/id/concept/chemical_substance/aa987587105afa1bbe06446c1e1684f4,skos:broadMatch,Monoacylglycerols,https://data.omgeving.vlaanderen.be/id/concept/chemical_substance/0001133,subset,subclass,high,CAS without structure
"C16-(branched), C20-(branched) and C24-(branched)-alkanes",https://data.omgeving.vlaanderen.be/id/concept/chemical_substance/d7a70479a2b81ce8e825a9f255fa5765,skos:broadMatch,Branched alkanes,https://data.omgeving.vlaanderen.be/id/concept/chemical_substance/0004620,subset,subclass,high,Unclassified
"Fatty acids, C12-18 (even-numbered), 3-methylbutyl esters",https://data.omgeving.vlaanderen.be/id/concept/chemical_substance/1cc8e9738951a02fa1bb2ee9e5e3683a,skos:broadMatch,Fatty acid esters,https://data.omgeving.vlaanderen.be/id/concept/chemical_substance/0000324,subset,subclass,high,Unclassified
PHTALIDE,https://data.omgeving.vlaanderen.be/id/concept/chemical_substance/3cbfe57ddfe982535d97ff74228b5f8f,skos:exactMatch,Phthalides,https://data.omgeving.vlaanderen.be/id/concept/chemical_substance/0001873,exact,subclass,high,Unclassified
"Benzoic acid, C12-15-alkyl esters",https://data.omgeving.vlaanderen.be/id/concept/chemical_substance/4f071f7c8c601e5e53c7697be3d89455,skos:broadMatch,Benzoic acid esters,https://data.omgeving.vlaanderen.be/id/concept/chemical_substance/0001350,subset,direct_parent,high,CAS without structure
Lead sulphates,https://data.omgeving.vlaanderen.be/id/concept/chemical_substance/b21b7f193eaf2590e7561e9e65059cda,skos:exactMatch,Post-transition metal sulfates,https://data.omgeving.vlaanderen.be/id/concept/chemical_substance/0000739,exact,subclass,high,Unclassified
inorganic compounds of mercury with the exception of mercuric sulphide and those specified elsewhere in this Annex,https://data.omgeving.vlaanderen.be/id/concept/chemical_substance/09c16bcca57b5bbbc8c3ba96c3e8afca,skos:broadMatch,Inorganic mercury compounds,https://data.omgeving.vlaanderen.be/id/concept/chemical_substance/0004060,subset,class,high,Unclassified
"Crude Phenols|Tar acids, brown-coal gasification|[A complex combination of organic compounds obtained from brown coal gasification. Composed primarily of C<sub>6-10</sub> hydroxy aromatic phenols and their homologs.]",https://data.omgeving.vlaanderen.be/id/concept/chemical_substance/99b97b3cefc44aea81cdbebb7e3e3bce,skos:broadMatch,Phenols,https://data.omgeving.vlaanderen.be/id/concept/chemical_substance/0000134,subset,class,high,Mixture
Bisquaternary ammonium compound,https://data.omgeving.vlaanderen.be/id/concept/chemical_substance/619e5dc33ad1abd72730d5eb8f956f89,skos:broadMatch,Quaternary ammonium salts,https://data.omgeving.vlaanderen.be/id/concept/chemical_substance/0000503,subset,subclass,high,Substance group
"Fatty acids, C8-10 (even numbered), 2-ethylhexyl esters",https://data.omgeving.vlaanderen.be/id/concept/chemical_substance/258339c726e4e6c7e9824b28961b6536,skos:broadMatch,Fatty acid esters,https://data.omgeving.vlaanderen.be/id/concept/chemical_substance/0000324,subset,subclass,high,CAS without structure
"Fatty acids, safflower-oil, Et esters",https://data.omgeving.vlaanderen.be/id/concept/chemical_substance/24f49be493c1b7c5753ceedcd3feb241,skos:broadMatch,Fatty acid esters,https://data.omgeving.vlaanderen.be/id/concept/chemical_substance/0000324,subset,subclass,high,CAS without structure
"Copper, [29H,31H-phthalocyaninato(2-)-N29,N30,N31,N32]-, [[3-(cyclohexylamino)propyl]amino]sulfonyl derivs.",https://data.omgeving.vlaanderen.be/id/concept/chemical_substance/50f81119645425527a8482c464d7dc4d,skos:broadMatch,Phthalocyanines,https://data.omgeving.vlaanderen.be/id/concept/chemical_substance/0004188,subset,subclass,high,CAS without structure
"Benzenesulfonic acid, 4-C7-13-sec-alkyl derivs.",https://data.omgeving.vlaanderen.be/id/concept/chemical_substance/b46d23553c05a01056124a47cc9061f3,skos:broadMatch,Benzenesulfonic acids and derivatives,https://data.omgeving.vlaanderen.be/id/concept/chemical_substance/0000032,subset,subclass,high,Unclassified
"Hydrocarbons, C7, n-alkanes, isoalkanes, cyclics",https://data.omgeving.vlaanderen.be/id/concept/chemical_substance/5556c1f2bfead4f3fdee2e3f407fdb1d,skos:broadMatch,Saturated hydrocarbons,https://data.omgeving.vlaanderen.be/id/concept/chemical_substance/0004474,subset,class,high,Unclassified
Perfluorobutane sulfonic acid (PFBS) and its salts,https://data.omgeving.vlaanderen.be/id/concept/chemical_substance/eaa6fcc5faaca8f2ee96d3de0546b40b,skos:broadMatch,Perfluoroalkyl sulfonic acid and derivatives,https://data.omgeving.vlaanderen.be/id/concept/chemical_substance/0003961,subset,direct_parent,high,Substance group
"Quaternary ammonium compounds, N,N,N'-tris(hydroxyethyl)-N,N'-dimethyl-N'-C16-18 (even numbered) and C18 unsatd., alkyltrimethylenedi-, bis(Me sulfates) (salts)",https://data.omgeving.vlaanderen.be/id/concept/chemical_substance/fcd8ecbaf2a453ba721d0fb7014be409,skos:broadMatch,Quaternary ammonium salts,https://data.omgeving.vlaanderen.be/id/concept/chemical_substance/0000503,subset,subclass,high,Unclassified
Bisphenols with endocrine disrupting properties for the environment and their salts,https://data.omgeving.vlaanderen.be/id/concept/chemical_substance/3f86da8a7243bd055f36ce428c406773,skos:broadMatch,Bisphenols,https://data.omgeving.vlaanderen.be/id/concept/chemical_substance/0000143,subset,subclass,high,Unclassified
Alkylnaphthalene,https://data.omgeving.vlaanderen.be/id/concept/chemical_substance/4b010ca6ce86b2bddf0cd69dabd8e557,skos:broadMatch,Naphthalenes,https://data.omgeving.vlaanderen.be/id/concept/chemical_substance/0000023,subset,class,high,Unclassified
"Fatty acids, soya, iso-Pr esters",https://data.omgeving.vlaanderen.be/id/concept/chemical_substance/a1fe59c6ac5a2bc6e0cb79cffe3c3913,skos:broadMatch,Fatty acid esters,https://data.omgeving.vlaanderen.be/id/concept/chemical_substance/0000324,subset,subclass,high,CAS without structure
"trimethyltin compounds, with the exception of those specified elsewhere in this Annex",https://data.omgeving.vlaanderen.be/id/concept/chemical_substance/3469a94f3c999497bc8e5b9b9246e0ce,skos:broadMatch,Triorganotin compounds,https://data.omgeving.vlaanderen.be/id/concept/chemical_substance/0004066,subset,direct_parent,high,Unclassified
"(butyl acrylate, methyl methacrylate, butyl methacrylate) copolymer",https://data.omgeving.vlaanderen.be/id/concept/chemical_substance/2da997009c0f27a2107187ba2c9f589e,skos:broadMatch,Organic Polymers,https://data.omgeving.vlaanderen.be/id/concept/chemical_substance/0003297,subset,superclass,high,CAS without structure
"glycerol, esters with ricinoleic acid",https://data.omgeving.vlaanderen.be/id/concept/chemical_substance/2abeeee0ce1421e8ea5099c6ce5202e6,skos:broadMatch,Glycerolipids,https://data.omgeving.vlaanderen.be/id/concept/chemical_substance/0000175,subset,class,high,Unclassified
"Blend of 1-octadecenol, 1-octadecadienols, different isomers",https://data.omgeving.vlaanderen.be/id/concept/chemical_substance/98683bd644548189619214679d4864d1,skos:broadMatch,Fatty alcohols,https://data.omgeving.vlaanderen.be/id/concept/chemical_substance/0001334,subset,subclass,high,CAS without structure
"1H-Imidazole-1-ethanol, 4,5-dihydro, 2-(C11-17 alkyl) derivs.",https://data.omgeving.vlaanderen.be/id/concept/chemical_substance/70fd52e645b5a4f6ed5c3776f86e5113,skos:broadMatch,Imidazolines,https://data.omgeving.vlaanderen.be/id/concept/chemical_substance/0000079,subset,class,high,Unclassified
tannic acids,https://data.omgeving.vlaanderen.be/id/concept/chemical_substance/f2874dc6ad498ffbc1ddf5cb7abc6ae0,skos:broadMatch,Tannins,https://data.omgeving.vlaanderen.be/id/concept/chemical_substance/0000238,subset,class,high,CAS without structure
"Pyridine, alkyl derivs.",https://data.omgeving.vlaanderen.be/id/concept/chemical_substance/e5e28652c57757e0fe726a86b813205a,skos:broadMatch,Pyridines and derivatives,https://data.omgeving.vlaanderen.be/id/concept/chemical_substance/0000089,subset,class,high,CAS without structure
"Sulfuric acid, mono-C12-16-alkyl esters, sodium salts",https://data.omgeving.vlaanderen.be/id/concept/chemical_substance/cf802363f960f3277cab35bdb76dd2a1,skos:broadMatch,Sulfuric acid monoesters,https://data.omgeving.vlaanderen.be/id/concept/chemical_substance/0001185,subset,subclass,high,CAS without structure
"Alkenes, C6-",https://data.omgeving.vlaanderen.be/id/concept/chemical_substance/d61bbc4658fac6f01282a43790671a2e,skos:broadMatch,Alkenes,https://data.omgeving.vlaanderen.be/id/concept/chemical_substance/0002501,subset,subclass,high,CAS without structure
"Fatty acids, C16-22",https://data.omgeving.vlaanderen.be/id/concept/chemical_substance/d80a95d011b1fcd024ca6eb6c7bd8a1c,skos:broadMatch,Fatty acids and conjugates,https://data.omgeving.vlaanderen.be/id/concept/chemical_substance/0000262,subset,subclass,high,CAS without structure
Phenols,https://data.omgeving.vlaanderen.be/id/concept/chemical_substance/adf238bca511eba639b6c3da6280e6f2,skos:exactMatch,Phenols,https://data.omgeving.vlaanderen.be/id/concept/chemical_substance/0000134,exact,class,high,Unclassified
"Benzenesulfonic acid, 4-C20-24 (even numbered) sec-alkyl derivs., sodium salts",https://data.omgeving.vlaanderen.be/id/concept/chemical_substance/fa31b0579cc8ee5607ccf1cc6a6e2d10,skos:broadMatch,Benzenesulfonic acids and derivatives,https://data.omgeving.vlaanderen.be/id/concept/chemical_substance/0000032,subset,subclass,high,Unclassified
4-Aminobiphenyl xenylamine and its salts,https://data.omgeving.vlaanderen.be/id/concept/chemical_substance/f24b5b9533e64068a33beff9da4a1fef,skos:broadMatch,Biphenyls and derivatives,https://data.omgeving.vlaanderen.be/id/concept/chemical_substance/0000041,subset,subclass,high,Substance group
"Nickel, [29H,31H-phthalocyaninato(2-)-N29,N30,N31,N32]-, [[3-[(1,3-dioxobutyl)amino]phenyl]amino]sulfonyl derivs.",https://data.omgeving.vlaanderen.be/id/concept/chemical_substance/6055b981258f0dae0992d11d332ba6ab,skos:broadMatch,Phthalocyanines,https://data.omgeving.vlaanderen.be/id/concept/chemical_substance/0004188,subset,subclass,high,CAS without structure
poppy-seed oil fatty acids,https://data.omgeving.vlaanderen.be/id/concept/chemical_substance/f0e6ce05c27a40423496b89aa636c430,skos:broadMatch,Fatty acids and conjugates,https://data.omgeving.vlaanderen.be/id/concept/chemical_substance/0000262,subset,subclass,high,Unclassified
Amino acids: mix,https://data.omgeving.vlaanderen.be/id/concept/chemical_substance/028992fe31ad4e56a5d001d83921758d,skos:broadMatch,"Amino acids, peptides, and analogues",https://data.omgeving.vlaanderen.be/id/concept/chemical_substance/0000013,subset,subclass,high,Unclassified
"Alcohols, C14-15",https://data.omgeving.vlaanderen.be/id/concept/chemical_substance/dc3e5cd63d78da3b62eeda69397f1e68,skos:broadMatch,Long-chain fatty alcohols,https://data.omgeving.vlaanderen.be/id/concept/chemical_substance/0002951,subset,direct_parent,high,CAS without structure
"metal salts of thiocyanic acid, with the exception of those specified elsewhere in this Annex",https://data.omgeving.vlaanderen.be/id/concept/chemical_substance/c84552ee221ec2b5c442d9acf97d5e41,skos:exactMatch,Metal thiocyanates,https://data.omgeving.vlaanderen.be/id/concept/chemical_substance/0004611,exact,subclass,high,Unclassified
2-[(C14-15alkyloxy)methyl]oxirane,https://data.omgeving.vlaanderen.be/id/concept/chemical_substance/4e1276402b00ec948ff4970976492671,skos:broadMatch,Epoxides,https://data.omgeving.vlaanderen.be/id/concept/chemical_substance/0000159,subset,class,high,Unclassified
"Fatty acids, coco, isotridecyl esters",https://data.omgeving.vlaanderen.be/id/concept/chemical_substance/661fc7e20def6944d42bdcd28abd0f72,skos:broadMatch,Fatty acid esters,https://data.omgeving.vlaanderen.be/id/concept/chemical_substance/0000324,subset,subclass,high,CAS without structure
"Polybromobiphenyls, Polybrominatedbiphenyls (PBB)",https://data.omgeving.vlaanderen.be/id/concept/chemical_substance/ac0d4a5a901649df2e3d553e70158a18,skos:exactMatch,Polybrominated biphenyls,https://data.omgeving.vlaanderen.be/id/concept/chemical_substance/0003954,exact,subclass,high,Substance group
"Benzene, mono- and di- C20-24 (even numbered) (linear and branched) alkyl derivs.",https://data.omgeving.vlaanderen.be/id/concept/chemical_substance/4d5ec65c7ffbd5b6f28be23cf5f91cb2,skos:broadMatch,Benzene and substituted derivatives,https://data.omgeving.vlaanderen.be/id/concept/chemical_substance/0002279,subset,class,high,Unclassified
"Alcohols, C12-13",https://data.omgeving.vlaanderen.be/id/concept/chemical_substance/64db455899f6a3759a8d30f9e754d67b,skos:broadMatch,Long-chain fatty alcohols,https://data.omgeving.vlaanderen.be/id/concept/chemical_substance/0002951,subset,direct_parent,high,CAS without structure
"Quaternary ammonium compounds, C12-14-alkyl[(ethylphenyl)methyl]dimethyl, chlorides",https://data.omgeving.vlaanderen.be/id/concept/chemical_substance/83faca721c0b944f4c29f0c3515631c1,skos:broadMatch,Alkyldimethylbenzylammonium chlorides,https://data.omgeving.vlaanderen.be/id/concept/chemical_substance/0003977,subset,subclass,high,CAS without structure
"Alcohols, C16-18 and C18-unsatd.",https://data.omgeving.vlaanderen.be/id/concept/chemical_substance/279b191222be572066e9105b739c415b,skos:broadMatch,Fatty alcohols,https://data.omgeving.vlaanderen.be/id/concept/chemical_substance/0001334,subset,subclass,high,CAS without structure
Heptabromodiphenyl ether (Group),https://data.omgeving.vlaanderen.be/id/concept/chemical_substance/92e23b0a26ea8561485065690d65a4a5,skos:broadMatch,Bromodiphenyl ethers,https://data.omgeving.vlaanderen.be/id/concept/chemical_substance/0001845,subset,subclass,high,Substance group
Arsenic compounds,https://data.omgeving.vlaanderen.be/id/concept/chemical_substance/7a0318d36a60fc301235a64a7e876c23,skos:narrowMatch,Inorganic arsenic compounds,https://data.omgeving.vlaanderen.be/id/concept/chemical_substance/0004057,broader,class,high,Substance group
"Alcohols, C16-17-monobranched",https://data.omgeving.vlaanderen.be/id/concept/chemical_substance/f99237609919ff68b5a5dc4b245da750,skos:broadMatch,Fatty alcohols,https://data.omgeving.vlaanderen.be/id/concept/chemical_substance/0001334,subset,subclass,high,Unclassified
"Glycerides, C16-18",https://data.omgeving.vlaanderen.be/id/concept/chemical_substance/2fb91f1ddf0667e41e1dbd0f64c56acb,skos:broadMatch,Glycerolipids,https://data.omgeving.vlaanderen.be/id/concept/chemical_substance/0000175,subset,class,high,CAS without structure
"Fatty acids, tall-oil, esters with ethylene glycol",https://data.omgeving.vlaanderen.be/id/concept/chemical_substance/43ac6080aac3c4b2621479324d34b3f2,skos:broadMatch,Fatty acid esters,https://data.omgeving.vlaanderen.be/id/concept/chemical_substance/0000324,subset,subclass,high,CAS without structure
"Sulfonic acids, C14-17-sec-alkane, sodium salts",https://data.omgeving.vlaanderen.be/id/concept/chemical_substance/72f9dd1babe90d686f208eb83528c75f,skos:broadMatch,Alkanesulfonic acids and derivatives,https://data.omgeving.vlaanderen.be/id/concept/chemical_substance/0003136,subset,subclass,high,CAS without structure
"N,N'-diaryl-p-phenylenediamine",https://data.omgeving.vlaanderen.be/id/concept/chemical_substance/5b40610ed362a72ffcceef7f4d18329e,skos:broadMatch,P-phenylenediamines,https://data.omgeving.vlaanderen.be/id/concept/chemical_substance/0004747,subset,subclass,high,CAS without structure
polydimethylsiloxane (MW > 6 800 Da),https://data.omgeving.vlaanderen.be/id/concept/chemical_substance/ea54d6d372b04be9f5b4eb16264cfad2,skos:broadMatch,Siloxanes,https://data.omgeving.vlaanderen.be/id/concept/chemical_substance/0004446,subset,direct_parent,high,CAS without structure
"1,2-Benzenedicarboxylic acid, di-C11-14-branched alkyl esters, C13-rich",https://data.omgeving.vlaanderen.be/id/concept/chemical_substance/29a07af09996c99ad3e2dc61c9472192,skos:broadMatch,Phthalate esters,https://data.omgeving.vlaanderen.be/id/concept/chemical_substance/0004009,subset,direct_parent,high,CAS without structure
"Benzenesulfonic acid, mono-C10-16-alkyl derivs., sodium salts",https://data.omgeving.vlaanderen.be/id/concept/chemical_substance/7517f492daec7771caeca0455bd820c0,skos:broadMatch,Benzenesulfonic acids and derivatives,https://data.omgeving.vlaanderen.be/id/concept/chemical_substance/0000032,subset,subclass,high,CAS without structure
"Amines, C12-16 (even numbered)-alkyldimethyl, N-oxides",https://data.omgeving.vlaanderen.be/id/concept/chemical_substance/ba0f9c6b706730bff7ea79bb3a9c49d7,skos:broadMatch,Long-chain alkyl amine oxides,https://data.omgeving.vlaanderen.be/id/concept/chemical_substance/0004183,subset,direct_parent,high,Unclassified
"Amines, di-C12-18-alkyl",https://data.omgeving.vlaanderen.be/id/concept/chemical_substance/240de067164867816e2351907f91f8c8,skos:broadMatch,Dialkylamines,https://data.omgeving.vlaanderen.be/id/concept/chemical_substance/0002228,subset,direct_parent,high,CAS without structure
Polycyclic aromatic hydrocarbons (PAH),https://data.omgeving.vlaanderen.be/id/concept/chemical_substance/03338311d8c469c47e3d99739dcc4129,skos:broadMatch,Polycyclic hydrocarbons,https://data.omgeving.vlaanderen.be/id/concept/chemical_substance/0004149,subset,class,high,Substance group
"Amines, tri-C8-10-alkyl",https://data.omgeving.vlaanderen.be/id/concept/chemical_substance/ece49093fd4c71ca7de3b610a2ab755e,skos:broadMatch,Trialkylamines,https://data.omgeving.vlaanderen.be/id/concept/chemical_substance/0002239,subset,direct_parent,high,CAS without structure
"Epoxides, C>8-alkyl",https://data.omgeving.vlaanderen.be/id/concept/chemical_substance/49c82dc3d2cbe9c65eb9dab7ecaef98e,skos:broadMatch,Epoxides,https://data.omgeving.vlaanderen.be/id/concept/chemical_substance/0000159,subset,class,high,CAS without structure
"Fatty alcohols, C12-22 (even numbered), manuf. of, by-products from",https://data.omgeving.vlaanderen.be/id/concept/chemical_substance/d97533d8fd87ff6cbdf6c46f3cabb280,skos:broadMatch,Fatty alcohols,https://data.omgeving.vlaanderen.be/id/concept/chemical_substance/0001334,subset,subclass,high,Unclassified
"Fatty acids, C10-20-neo-",https://data.omgeving.vlaanderen.be/id/concept/chemical_substance/13c9854735cba24dda30a6e967087a6f,skos:broadMatch,Fatty acids and conjugates,https://data.omgeving.vlaanderen.be/id/concept/chemical_substance/0000262,subset,subclass,high,CAS without structure
"Carboxylic acids, C7-13, perfluoro, ammonium salts",https://data.omgeving.vlaanderen.be/id/concept/chemical_substance/7128dd0dca125f39c0d88ffb9dcfbe15,skos:broadMatch,Perfluoroalkyl carboxylic acid and derivatives,https://data.omgeving.vlaanderen.be/id/concept/chemical_substance/0003962,subset,subclass,high,CAS without structure
"Glycerides, C8-18",https://data.omgeving.vlaanderen.be/id/concept/chemical_substance/942b23d833a10a9626aa06b12fb1e1d1,skos:broadMatch,Glycerolipids,https://data.omgeving.vlaanderen.be/id/concept/chemical_substance/0000175,subset,class,high,CAS without structure
"Fatty acids, tall-oil, C12-15-branched alkyl esters",https://data.omgeving.vlaanderen.be/id/concept/chemical_substance/c34856646a27aab8aec26d0015220b00,skos:broadMatch,Fatty acid esters,https://data.omgeving.vlaanderen.be/id/concept/chemical_substance/0000324,subset,subclass,high,CAS without structure
"Fatty acids, C16-18, iso-Pr esters",https://data.omgeving.vlaanderen.be/id/concept/chemical_substance/e77e7959ea913324dea1a4105b5b35b6,skos:broadMatch,Fatty acid esters,https://data.omgeving.vlaanderen.be/id/concept/chemical_substance/0000324,subset,subclass,high,CAS without structure
"Fatty acids, C16-18 and C18-unsatd., branched and linear, butyl esters",https://data.omgeving.vlaanderen.be/id/concept/chemical_substance/c08f19dcdff4b9e7a7b5f9ede29e7dba,skos:broadMatch,Fatty acid esters,https://data.omgeving.vlaanderen.be/id/concept/chemical_substance/0000324,subset,subclass,high,Unclassified
"Sophorolipids: fermentation products of glucose and fatty acids, C18 (unsaturated), glycerol esters with yeast Candida Bombicola",https://data.omgeving.vlaanderen.be/id/concept/chemical_substance/230a76f9d302caff3d2ef6d726387327,skos:broadMatch,Sophorolipids,https://data.omgeving.vlaanderen.be/id/concept/chemical_substance/0002201,subset,subclass,high,Unclassified
"oxirane, mono[(C12-14-alkyloxy)methyl] derivs.",https://data.omgeving.vlaanderen.be/id/concept/chemical_substance/2c95bbd88c124115fd7473a81350eb7f,skos:broadMatch,Epoxides,https://data.omgeving.vlaanderen.be/id/concept/chemical_substance/0000159,subset,class,high,CAS without structure
"Fatty acids, C16-18, esters with ethylene glycol",https://data.omgeving.vlaanderen.be/id/concept/chemical_substance/438498008846971634231ebf6494569c,skos:broadMatch,Fatty acid esters,https://data.omgeving.vlaanderen.be/id/concept/chemical_substance/0000324,subset,subclass,high,CAS without structure
"1,2-Benzenedicarboxylic acid, di-C8-10-alkyl esters",https://data.omgeving.vlaanderen.be/id/concept/chemical_substance/499c100d8a19c23502d06edd033e68c3,skos:broadMatch,Phthalate esters,https://data.omgeving.vlaanderen.be/id/concept/chemical_substance/0004009,subset,direct_parent,high,CAS without structure
"Amides, C16-18 (even numbered), N-[(dimethylamino)propyl]",https://data.omgeving.vlaanderen.be/id/concept/chemical_substance/c0539dca930ed0d1e947146fe364beeb,skos:broadMatch,Fatty amides,https://data.omgeving.vlaanderen.be/id/concept/chemical_substance/0000331,subset,subclass,high,Unclassified
"triethyltin compounds, with the exception of those specified elsewhere in this Annex",https://data.omgeving.vlaanderen.be/id/concept/chemical_substance/c53c1ecb93fcc7a88302ebae4c0f4696,skos:broadMatch,Triorganotin compounds,https://data.omgeving.vlaanderen.be/id/concept/chemical_substance/0004066,subset,direct_parent,high,Unclassified
"Hydrocarbons, C4-7, C5-rich, isoprene-purifn. by-product",https://data.omgeving.vlaanderen.be/id/concept/chemical_substance/3d466264c0f01a7712af6d0a328a027e,skos:broadMatch,Hydrocarbons,https://data.omgeving.vlaanderen.be/id/concept/chemical_substance/0002837,subset,superclass,high,CAS without structure
"Fatty acids, C16 and C18-20 (even numbered, unsaturated), 2-ethylhexyl esters",https://data.omgeving.vlaanderen.be/id/concept/chemical_substance/ad13787e8c8f46b81b5e73fb3fcb803e,skos:broadMatch,Fatty acid esters,https://data.omgeving.vlaanderen.be/id/concept/chemical_substance/0000324,subset,subclass,high,Unclassified
"Glycerides, C14-18",https://data.omgeving.vlaanderen.be/id/concept/chemical_substance/85c4723ef74c421777bac161f0d7ef6a,skos:broadMatch,Glycerolipids,https://data.omgeving.vlaanderen.be/id/concept/chemical_substance/0000175,subset,class,high,CAS without structure
C12-14-(even numbered)-alkylamines,https://data.omgeving.vlaanderen.be/id/concept/chemical_substance/09efc56f8649a7262f1a0633fb2fdc67,skos:broadMatch,Primary amines,https://data.omgeving.vlaanderen.be/id/concept/chemical_substance/0002450,subset,direct_parent,high,CAS without structure
"2-Propenoic acid, heptadecyl ester, branched",https://data.omgeving.vlaanderen.be/id/concept/chemical_substance/bd4a27cdabff9ad3f8376fdd6066013a,skos:broadMatch,Acrylic acid esters,https://data.omgeving.vlaanderen.be/id/concept/chemical_substance/0004452,subset,subclass,high,CAS without structure
"Alkanes, C14-17, chloro (MCCP, Medium chained chlorinated paraffins)",https://data.omgeving.vlaanderen.be/id/concept/chemical_substance/235403d251fbfe4b94ed3f7b1e17094f,skos:broadMatch,Organochlorides,https://data.omgeving.vlaanderen.be/id/concept/chemical_substance/0001516,subset,class,high,CAS without structure
"Polyurea, produced by reacting diphenylmethane diisocyanate with octyl amine and stearyl amine",https://data.omgeving.vlaanderen.be/id/concept/chemical_substance/752012ba3891f3938b7ae6c0277f004d,skos:broadMatch,Polyureas,https://data.omgeving.vlaanderen.be/id/concept/chemical_substance/0003300,subset,class,high,CAS without structure
"Glycerides, C12-18 mono-, di- and tri-",https://data.omgeving.vlaanderen.be/id/concept/chemical_substance/1c9c637a143ed6f06a42012d785b4c4d,skos:broadMatch,Glycerolipids,https://data.omgeving.vlaanderen.be/id/concept/chemical_substance/0000175,subset,class,high,CAS without structure
"Quaternary ammonium compounds, tri-C8-10-alkylmethyl, chlorides",https://data.omgeving.vlaanderen.be/id/concept/chemical_substance/87d6ba88d2449b801ff810c1dc3d8e24,skos:broadMatch,Quaternary ammonium salts,https://data.omgeving.vlaanderen.be/id/concept/chemical_substance/0000503,subset,subclass,high,CAS without structure
Substituted anthraquinone compound,https://data.omgeving.vlaanderen.be/id/concept/chemical_substance/bf926b7051f440a48a80b7ace30c0d98,skos:broadMatch,Anthraquinones,https://data.omgeving.vlaanderen.be/id/concept/chemical_substance/0000151,subset,subclass,high,Substance group
"3,5-Heptanedione-1-(4-hydroxy-3-methoxyphenyl)-7-(4-hydroxyphenyl) and 3,5-Heptanedione-1,7-bis(4-hydroxyphenyl) and 3,5-Heptanedione-1,7-bis(4-hydroxy-3-methoxyphenyl)",https://data.omgeving.vlaanderen.be/id/concept/chemical_substance/a7946118296b0c5bd431cea3ac282851,skos:broadMatch,Diarylheptanoids,https://data.omgeving.vlaanderen.be/id/concept/chemical_substance/0002650,subset,class,high,Unclassified
"Mixture of Limonene, alpha-Terpinen, gamma-Terpinen, p-Cymene, 1,4-Cineol, 1,8-Cineol and Terpinolene",https://data.omgeving.vlaanderen.be/id/concept/chemical_substance/c7d05467f8d9e919fb1f675f126616ea,skos:broadMatch,Monoterpenoids,https://data.omgeving.vlaanderen.be/id/concept/chemical_substance/0001549,subset,subclass,high,Mixture
"poly(oxy-1,2-ethanediyl), α-methyl-ω-hydroxy-",https://data.omgeving.vlaanderen.be/id/concept/chemical_substance/b90465df5552a5681e260bf379520bae,skos:broadMatch,Polyethylene glycols,https://data.omgeving.vlaanderen.be/id/concept/chemical_substance/0003338,subset,direct_parent,high,CAS without structure
"1,2-benzenedicarboxylic acid, di-C9-11-branched and linear alkyl esters",https://data.omgeving.vlaanderen.be/id/concept/chemical_substance/684117cdfe6bab5b1799bec138c97385,skos:broadMatch,Phthalate esters,https://data.omgeving.vlaanderen.be/id/concept/chemical_substance/0004009,subset,subclass,high,CAS without structure
"Benzoic acid, C9-11, C10-rich, branched alkyl esters",https://data.omgeving.vlaanderen.be/id/concept/chemical_substance/687e1625752c9db6d90da3a1bff56b04,skos:broadMatch,Benzoic acid esters,https://data.omgeving.vlaanderen.be/id/concept/chemical_substance/0001350,subset,subclass,high,CAS without structure
"fatty acids, coco hydrogenated",https://data.omgeving.vlaanderen.be/id/concept/chemical_substance/531b0122b54a117b6f35690e8f23ff7b,skos:broadMatch,Fatty acids and conjugates,https://data.omgeving.vlaanderen.be/id/concept/chemical_substance/0000262,subset,subclass,high,CAS without structure
Organosulphide,https://data.omgeving.vlaanderen.be/id/concept/chemical_substance/0aa926ddfb3bd8cc03e9d36c7c2ef959,skos:exactMatch,Thioethers,https://data.omgeving.vlaanderen.be/id/concept/chemical_substance/0001202,exact,class,high,Unclassified
"Fatty acids, C14-22",https://data.omgeving.vlaanderen.be/id/concept/chemical_substance/8a449c10abeb334a8443a86b1a71a34c,skos:broadMatch,Fatty acids and conjugates,https://data.omgeving.vlaanderen.be/id/concept/chemical_substance/0000262,subset,subclass,high,CAS without structure
Fatty alcohols / Aliphatic alcohols,https://data.omgeving.vlaanderen.be/id/concept/chemical_substance/ab75696a6bc25bc5b0843929fcc93c6a,skos:exactMatch,Fatty alcohols,https://data.omgeving.vlaanderen.be/id/concept/chemical_substance/0001334,exact,subclass,high,Unclassified
"Fatty acids, C8-16(even numbered), 2-ethylhexyl esters",https://data.omgeving.vlaanderen.be/id/concept/chemical_substance/eb0c8b7d1d01a53c3e899bd6212177f1,skos:broadMatch,Fatty acid esters,https://data.omgeving.vlaanderen.be/id/concept/chemical_substance/0000324,subset,subclass,high,CAS without structure
"fatty acids, soya",https://data.omgeving.vlaanderen.be/id/concept/chemical_substance/18b662d68b30271af406da29298d44bc,skos:broadMatch,Fatty acids and conjugates,https://data.omgeving.vlaanderen.be/id/concept/chemical_substance/0000262,subset,subclass,high,CAS without structure
"alkoxysilanes with functional groups, e.g. vinyl, methacryl, amino or glycidyl groups",https://data.omgeving.vlaanderen.be/id/concept/chemical_substance/761fd03766582ecaabe86bc4257317f3,skos:broadMatch,Alkoxysilanes,https://data.omgeving.vlaanderen.be/id/concept/chemical_substance/0003265,subset,subclass,high,Unclassified
"Copper, [29H,31H-phthalocyaninato(2-)-N29,N30,N31,N32]-, chlorosulfonyl derivs., reaction products with 2-[(4-aminophenyl)amino]-5-nitrobenzenesulfonic acid, sodium salts",https://data.omgeving.vlaanderen.be/id/concept/chemical_substance/dce4ef57b81394c73b078291c2aa133c,skos:broadMatch,Phthalocyanines,https://data.omgeving.vlaanderen.be/id/concept/chemical_substance/0004188,subset,subclass,high,CAS without structure
"fatty acids, coco",https://data.omgeving.vlaanderen.be/id/concept/chemical_substance/9f55389b72821e8b7697d77389c1f808,skos:broadMatch,Fatty acids and conjugates,https://data.omgeving.vlaanderen.be/id/concept/chemical_substance/0000262,subset,subclass,high,CAS without structure
Lecithins (basic substance),https://data.omgeving.vlaanderen.be/id/concept/chemical_substance/9104d2f7a7691f0a71b66342c21d9fc8,skos:broadMatch,Glycerophosphocholines,https://data.omgeving.vlaanderen.be/id/concept/chemical_substance/0002213,subset,subclass,high,CAS without structure
"Phenol, mono-C24-28 (even)-sec-alkyl derivs, ortho- and para-",https://data.omgeving.vlaanderen.be/id/concept/chemical_substance/ad2073e44e8a28fe9b6049d7ec3d3b36,skos:broadMatch,Phenols,https://data.omgeving.vlaanderen.be/id/concept/chemical_substance/0000134,subset,class,high,Unclassified
"Fatty acids, essential, Et esters",https://data.omgeving.vlaanderen.be/id/concept/chemical_substance/9978748a5d3c5556221a9ea61cb84cd9,skos:broadMatch,Fatty acid esters,https://data.omgeving.vlaanderen.be/id/concept/chemical_substance/0000324,subset,subclass,high,CAS without structure
polysaccharides,https://data.omgeving.vlaanderen.be/id/concept/chemical_substance/06e995159033f0807804d6f770fbf7a4,skos:exactMatch,Polysaccharides,https://data.omgeving.vlaanderen.be/id/concept/chemical_substance/0001539,exact,class,high,Unclassified
"Benzenesulphonic acid, dimethyl-, mono C14-16 (even numbered) sec alkyl derivs.",https://data.omgeving.vlaanderen.be/id/concept/chemical_substance/1d8976db13517a15cf3d34cda3f708a0,skos:broadMatch,Benzenesulfonic acids and derivatives,https://data.omgeving.vlaanderen.be/id/concept/chemical_substance/0000032,subset,subclass,high,Unclassified
di-alkyl-benzenesulfonic acid,https://data.omgeving.vlaanderen.be/id/concept/chemical_substance/4d1a53dc3559094be727ffd172efff00,skos:broadMatch,Benzenesulfonic acids and derivatives,https://data.omgeving.vlaanderen.be/id/concept/chemical_substance/0000032,subset,subclass,high,Unclassified
Benzyl-C12-14-alkyldimethylammonium chlorides,https://data.omgeving.vlaanderen.be/id/concept/chemical_substance/077bbf1c3331e2e8a236519cb345f142,skos:broadMatch,Alkyldimethylbenzylammonium halides,https://data.omgeving.vlaanderen.be/id/concept/chemical_substance/0003976,subset,subclass,high,Unclassified
"Alkanes, C10-13, chloro (Short Chain Chlorinated Paraffins)",https://data.omgeving.vlaanderen.be/id/concept/chemical_substance/9daaeb527922a1980d61efed2552744f,skos:broadMatch,Alkyl chlorides,https://data.omgeving.vlaanderen.be/id/concept/chemical_substance/0001026,subset,subclass,high,CAS without structure
"Isononanoic acid, C16-18 (even numbered)-alkyl esters",https://data.omgeving.vlaanderen.be/id/concept/chemical_substance/5196394bcfb7df5e7639644ccba69f85,skos:broadMatch,Fatty acid esters,https://data.omgeving.vlaanderen.be/id/concept/chemical_substance/0000324,subset,subclass,high,CAS without structure
"Alcohols, C8-14, γ-ω-perfluoro",https://data.omgeving.vlaanderen.be/id/concept/chemical_substance/ba264702f3c25a3067e2aa281430d640,skos:broadMatch,Fluorotelomer alcohols,https://data.omgeving.vlaanderen.be/id/concept/chemical_substance/0003967,subset,subclass,high,CAS without structure
"Benzenesulfonic acid, mono-C20-24 (even)-sec-alkyl derivs., para-, sodium salts",https://data.omgeving.vlaanderen.be/id/concept/chemical_substance/eee711135388d101626b793a6d79c41c,skos:broadMatch,Benzenesulfonic acids and derivatives,https://data.omgeving.vlaanderen.be/id/concept/chemical_substance/0000032,subset,subclass,high,Unclassified
"Fatty acids, C16-18, sodium salts",https://data.omgeving.vlaanderen.be/id/concept/chemical_substance/417ccf453c490fec66679012cdd9f3e9,skos:broadMatch,Fatty acids and conjugates,https://data.omgeving.vlaanderen.be/id/concept/chemical_substance/0000262,subset,subclass,high,CAS without structure
"Fatty acids, C16-18 (even numbered) and C18 (unsaturated) hexadecyl esters",https://data.omgeving.vlaanderen.be/id/concept/chemical_substance/1436b4e124f4a741878d75c39d638b99,skos:broadMatch,Fatty acid esters,https://data.omgeving.vlaanderen.be/id/concept/chemical_substance/0000324,subset,subclass,high,Unclassified
"1,3-Propanediol, 2,2-dimethyl-, C5-9 carboxylates",https://data.omgeving.vlaanderen.be/id/concept/chemical_substance/a578bfba3934ae1415b4119c97003c9c,skos:broadMatch,Carboxylic acid esters,https://data.omgeving.vlaanderen.be/id/concept/chemical_substance/0001238,subset,direct_parent,high,CAS without structure
"Amines, C12-18(even numbered)-alkyldimethyl, N-oxides",https://data.omgeving.vlaanderen.be/id/concept/chemical_substance/f5c3cdb5ebf2a153dc7c1b483dde3064,skos:broadMatch,Long-chain alkyl amine oxides,https://data.omgeving.vlaanderen.be/id/concept/chemical_substance/0004183,subset,direct_parent,high,CAS without structure
"trioctyltin compounds, with the exception of those specified elsewhere in this Annex",https://data.omgeving.vlaanderen.be/id/concept/chemical_substance/4dccfdec3339a4862f9d4f62c1bc3d16,skos:broadMatch,Triorganotin compounds,https://data.omgeving.vlaanderen.be/id/concept/chemical_substance/0004066,subset,subclass,high,Unclassified
"Alkanes, C10-13-iso-",https://data.omgeving.vlaanderen.be/id/concept/chemical_substance/059f4e0c4e7125376da3756406cbc86f,skos:broadMatch,Branched alkanes,https://data.omgeving.vlaanderen.be/id/concept/chemical_substance/0004620,subset,direct_parent,high,CAS without structure
"Amides, C16-18 (even-numbered), N-(hydroxyethyl)",https://data.omgeving.vlaanderen.be/id/concept/chemical_substance/383305b6ab72ed9d31e82748ed871365,skos:broadMatch,Fatty amides,https://data.omgeving.vlaanderen.be/id/concept/chemical_substance/0000331,subset,subclass,high,Unclassified
"Phosphoric acid, C8-10-alkyl esters",https://data.omgeving.vlaanderen.be/id/concept/chemical_substance/759605debd0b5f839208c632b668ada6,skos:broadMatch,Alkyl phosphates,https://data.omgeving.vlaanderen.be/id/concept/chemical_substance/0003457,subset,direct_parent,high,CAS without structure
"Fatty acids, C16-22, lithium salts",https://data.omgeving.vlaanderen.be/id/concept/chemical_substance/7531b1205b70269e12ac117f1126340e,skos:broadMatch,Organic alkali metal salts,https://data.omgeving.vlaanderen.be/id/concept/chemical_substance/0004099,subset,subclass,high,CAS without structure
cresols,https://data.omgeving.vlaanderen.be/id/concept/chemical_substance/09e015e3abc31f0168544f5b46329b0c,skos:exactMatch,Cresols,https://data.omgeving.vlaanderen.be/id/concept/chemical_substance/0001272,exact,subclass,high,Unclassified
"Quaternary ammonium compounds, C18 and C18 (unsaturated) alkyltrimethyl, chlorides",https://data.omgeving.vlaanderen.be/id/concept/chemical_substance/a4e89bbf88f4a9dace91cb28cf310b8c,skos:broadMatch,Quaternary ammonium salts,https://data.omgeving.vlaanderen.be/id/concept/chemical_substance/0000503,subset,subclass,high,Unclassified
"Benzenesulfonic acid, C16-24-alkyl derivs.",https://data.omgeving.vlaanderen.be/id/concept/chemical_substance/d0eafd0598fedc31718bc6d7b68ead14,skos:broadMatch,Organic sulfonic acids and derivatives,https://data.omgeving.vlaanderen.be/id/concept/chemical_substance/0004434,subset,superclass,high,CAS without structure
"Sophorolipids: fermentation products of glucose and fatty acids, C18 (unsaturated), glycerol esters with yeast Starmerella Bombicola, hydrolysed",https://data.omgeving.vlaanderen.be/id/concept/chemical_substance/bc2ba70b646fc4b8fbde86d8b7798323,skos:broadMatch,Sophorolipids,https://data.omgeving.vlaanderen.be/id/concept/chemical_substance/0002201,subset,subclass,high,Unclassified
Phenylmercury compounds,https://data.omgeving.vlaanderen.be/id/concept/chemical_substance/6716c6c51ee1959dfbd786c3e82f8968,skos:broadMatch,Organomercurial compounds,https://data.omgeving.vlaanderen.be/id/concept/chemical_substance/0000407,subset,subclass,high,Substance group
"Low chlorinated copper, [29H,31Hphthalocyaninato(2-)-N29,N30,N31,N32]-, wherein the number of chlorines is more than or equal to 0 and less than or equal to 7",https://data.omgeving.vlaanderen.be/id/concept/chemical_substance/0ff96509a648294ae38e84ac55fcb783,skos:broadMatch,Phthalocyanines,https://data.omgeving.vlaanderen.be/id/concept/chemical_substance/0004188,subset,subclass,high,Unclassified
"Hydrocarbons, C2-4, C3-rich",https://data.omgeving.vlaanderen.be/id/concept/chemical_substance/9f8dc80b083cedfa7da572e3782ff403,skos:broadMatch,Hydrocarbons,https://data.omgeving.vlaanderen.be/id/concept/chemical_substance/0002837,subset,superclass,high,CAS without structure
"Hydrocarbons, C4-11, naphtha-cracking, arom.-free",https://data.omgeving.vlaanderen.be/id/concept/chemical_substance/3bf93e26f8ed59d181f0c32a5c03db00,skos:broadMatch,Hydrocarbons,https://data.omgeving.vlaanderen.be/id/concept/chemical_substance/0002837,subset,superclass,high,Mixture
"Quaternary ammonium compounds, C14-18 (even numbered) and C18 unsaturated-alkyl-hydroxyethyl-dimethyl, chlorides",https://data.omgeving.vlaanderen.be/id/concept/chemical_substance/ff8e53ad24da394f70509413a1b93beb,skos:broadMatch,Quaternary ammonium salts,https://data.omgeving.vlaanderen.be/id/concept/chemical_substance/0000503,subset,subclass,high,Unclassified
"Quaternary ammonium compounds, trimethylsoya alkyl, chlorides",https://data.omgeving.vlaanderen.be/id/concept/chemical_substance/c425e37429db53e9e941ba40c0b0200a,skos:broadMatch,Quaternary ammonium salts,https://data.omgeving.vlaanderen.be/id/concept/chemical_substance/0000503,subset,subclass,high,CAS without structure
"tripropyltin compounds, with the exception of those specified elsewhere in this Annex",https://data.omgeving.vlaanderen.be/id/concept/chemical_substance/04b754c7908d0eb789aedaa1395fbe22,skos:broadMatch,Triorganotin compounds,https://data.omgeving.vlaanderen.be/id/concept/chemical_substance/0004066,subset,subclass,high,Unclassified
"mono-, di- and tri(sec-hexadecyl)naphthalene",https://data.omgeving.vlaanderen.be/id/concept/chemical_substance/c65b1a2e836d6c46899be1ad6ac1252f,skos:broadMatch,Naphthalenes,https://data.omgeving.vlaanderen.be/id/concept/chemical_substance/0000023,subset,class,high,Unclassified
"Glycerides, C14-18 mono- and di-",https://data.omgeving.vlaanderen.be/id/concept/chemical_substance/d100595f03937c012f73a604bf7e3319,skos:broadMatch,Glycerolipids,https://data.omgeving.vlaanderen.be/id/concept/chemical_substance/0000175,subset,class,high,CAS without structure
"Alkanes, C16-20-iso-",https://data.omgeving.vlaanderen.be/id/concept/chemical_substance/a41030ee971c328326502680403eaa5c,skos:broadMatch,Branched alkanes,https://data.omgeving.vlaanderen.be/id/concept/chemical_substance/0004620,subset,direct_parent,high,CAS without structure
"N-(C16-18, C18 unsatd alkyl)-N-methyl(C16-18, C18 unsatd alkyl)-1-amine",https://data.omgeving.vlaanderen.be/id/concept/chemical_substance/ad62f84ee0ce1d440350a806568e07ae,skos:broadMatch,Tertiary amines,https://data.omgeving.vlaanderen.be/id/concept/chemical_substance/0002452,subset,subclass,high,CAS without structure
"N-(2-hydroxyethyl)-N,N-dimethyl alkyl-C12-14-(even numbered)-1-aminium chloride",https://data.omgeving.vlaanderen.be/id/concept/chemical_substance/e1c4f3f70793eb0234992089058dc691,skos:broadMatch,Quaternary ammonium salts,https://data.omgeving.vlaanderen.be/id/concept/chemical_substance/0000503,subset,subclass,high,Unclassified
"Amides, C18 (unsaturated)",https://data.omgeving.vlaanderen.be/id/concept/chemical_substance/0558e2a4ca3aea1bfb150faa2707353d,skos:broadMatch,Fatty amides,https://data.omgeving.vlaanderen.be/id/concept/chemical_substance/0000331,subset,subclass,high,Unclassified
"Glycerides, C18-36",https://data.omgeving.vlaanderen.be/id/concept/chemical_substance/5780a3be078be485da5fdbcf24d8bc3c,skos:broadMatch,Glycerolipids,https://data.omgeving.vlaanderen.be/id/concept/chemical_substance/0000175,subset,class,high,CAS without structure
"Nickel, [29H,31H-phthalocyaninato(2-)-κN29,κN30,κN31,κN32]-, sulfo [[4-[[2-(sulfooxy)ethyl]sulfonyl]phenyl]amino]sulfonyl derivs., potassium sodium salts",https://data.omgeving.vlaanderen.be/id/concept/chemical_substance/93c3da2e111281fedde17506901ed747,skos:broadMatch,Phthalocyanines,https://data.omgeving.vlaanderen.be/id/concept/chemical_substance/0004188,subset,subclass,high,CAS without structure
"Nickel, [29H,31H-phthalocyaninato(2-)-[?]N29,[?]N30,[?]N31,[?]N32]-, [[3-[(5-chloro-6-fluoro-4-pyrimidinyl)amino]phenyl]amino]sulfonyl sulfo derivs., sodium salts",https://data.omgeving.vlaanderen.be/id/concept/chemical_substance/9f97c5596dee4e698e2493f47b1956ad,skos:broadMatch,Phthalocyanines,https://data.omgeving.vlaanderen.be/id/concept/chemical_substance/0004188,subset,subclass,high,CAS without structure
Tributyltin Compounds,https://data.omgeving.vlaanderen.be/id/concept/chemical_substance/7b04b93b7074c33dc2adcfeb51eee90e,skos:broadMatch,Triorganotin compounds,https://data.omgeving.vlaanderen.be/id/concept/chemical_substance/0004066,subset,subclass,high,Substance group
Benzidine and its salts,https://data.omgeving.vlaanderen.be/id/concept/chemical_substance/8b5f5043a87e4115bd98a5c6d1223205,skos:broadMatch,Benzidines,https://data.omgeving.vlaanderen.be/id/concept/chemical_substance/0003955,subset,subclass,high,Substance group
"phenols, styrenated",https://data.omgeving.vlaanderen.be/id/concept/chemical_substance/9ff7d3385739b4f6ed3b78131c5534aa,skos:broadMatch,Phenols,https://data.omgeving.vlaanderen.be/id/concept/chemical_substance/0000134,subset,class,high,CAS without structure
"Alkenes, C11-12",https://data.omgeving.vlaanderen.be/id/concept/chemical_substance/d332108c12e1290050105c3f5c387c99,skos:broadMatch,Alkenes,https://data.omgeving.vlaanderen.be/id/concept/chemical_substance/0002501,subset,subclass,high,Unclassified
"Nitriles, C16-22",https://data.omgeving.vlaanderen.be/id/concept/chemical_substance/52b2ac8282666ea2ba701eb424bdbc8d,skos:broadMatch,Nitriles,https://data.omgeving.vlaanderen.be/id/concept/chemical_substance/0000362,subset,subclass,high,CAS without structure
"Nickel, [29H,31H-phthalocyaninato(2-)-N29,N30,N31,N32]-, [[3-[(5-chloro-2,6-difluoro-4-pyrimidinyl)amino]phenyl]amino]sulfonyl sulfo derivs., sodium salts",https://data.omgeving.vlaanderen.be/id/concept/chemical_substance/f9729bde07a4f56f961057a344d12045,skos:broadMatch,Phthalocyanines,https://data.omgeving.vlaanderen.be/id/concept/chemical_substance/0004188,subset,subclass,high,CAS without structure
"1,2-Benzenedicarboxylic acid, di-C6-8-branched alkyl esters, C7-rich",https://data.omgeving.vlaanderen.be/id/concept/chemical_substance/3547b19db71e0c16c4acd86dbfe11d07,skos:broadMatch,Phthalate esters,https://data.omgeving.vlaanderen.be/id/concept/chemical_substance/0004009,subset,direct_parent,high,CAS without structure
"Chromium (VI) compounds, with the exception of barium chromate and of compounds specified elsewhere in this Annex",https://data.omgeving.vlaanderen.be/id/concept/chemical_substance/e18d09bbd042293d4921de5c3c685295,skos:broadMatch,Inorganic chromium (VI) compounds,https://data.omgeving.vlaanderen.be/id/concept/chemical_substance/0004074,subset,class,high,Unclassified
"Poly(oxy-1,2-ethanediyl),α-hydro-ω-hydroxy- Ethane-1,2-diol, ethoxylated",https://data.omgeving.vlaanderen.be/id/concept/chemical_substance/1555b0cdb9ad4e117013b4accabe735f,skos:exactMatch,Polyethylene glycols,https://data.omgeving.vlaanderen.be/id/concept/chemical_substance/0003338,exact,direct_parent,high,CAS without structure
"Fatty acids, C16-18 and C18-unsatd., esters with propylene glycol",https://data.omgeving.vlaanderen.be/id/concept/chemical_substance/39c519e52089b5800ac635262f9759fe,skos:broadMatch,Fatty acid esters,https://data.omgeving.vlaanderen.be/id/concept/chemical_substance/0000324,subset,subclass,high,CAS without structure
Polychlorinated terphenyls (PCTs),https://data.omgeving.vlaanderen.be/id/concept/chemical_substance/67be46ccf30ccae4e0999fed3c2afb58,skos:broadMatch,Terphenyls,https://data.omgeving.vlaanderen.be/id/concept/chemical_substance/0002042,subset,subclass,high,Unclassified
"Fatty acids, C16 and C18-unsaturated, benzyl esters",https://data.omgeving.vlaanderen.be/id/concept/chemical_substance/28ad437fa57d27eb5077f3d2d1f8a852,skos:broadMatch,Fatty acid esters,https://data.omgeving.vlaanderen.be/id/concept/chemical_substance/0000324,subset,subclass,high,Unclassified
"Fatty acids, C6-18, 2,2-dimethyl-1,3-propanediyl esters",https://data.omgeving.vlaanderen.be/id/concept/chemical_substance/5455e21a3e0103383483b903624e1fd6,skos:broadMatch,Fatty acid esters,https://data.omgeving.vlaanderen.be/id/concept/chemical_substance/0000324,subset,subclass,high,CAS without structure
palmkernel oil fatty acids,https://data.omgeving.vlaanderen.be/id/concept/chemical_substance/9cc7cbf58cf0fbc8763f5edcbf14f57f,skos:broadMatch,Fatty acids and conjugates,https://data.omgeving.vlaanderen.be/id/concept/chemical_substance/0000262,subset,subclass,high,Unclassified
"Copper, [29H,31H-phthalocyaninato(2-)-N29,N30,N31,N32]-, [[3-(dimethylamino)propyl]amino]sulfonyl derivs., acetates",https://data.omgeving.vlaanderen.be/id/concept/chemical_substance/e29c8a78d0db59171f1844526c618064,skos:broadMatch,Phthalocyanines,https://data.omgeving.vlaanderen.be/id/concept/chemical_substance/0004188,subset,subclass,high,CAS without structure
"Hydrocarbons of plastic waste origin obtained through thermolysis and thermosynthesis, C20 – C44 linear alkanes, branched alkanes and alkenes",https://data.omgeving.vlaanderen.be/id/concept/chemical_substance/ecd4f46ac0598a7550460278cce106fe,skos:broadMatch,Hydrocarbons,https://data.omgeving.vlaanderen.be/id/concept/chemical_substance/0002837,subset,superclass,high,Unclassified
"Rhamnolipids: fermentation products of glucose with Pseudomonas putida, Pseudomonacae, partially neutralized, potassium salts",https://data.omgeving.vlaanderen.be/id/concept/chemical_substance/655eaf9d94170bb50dac62391eb6d8a5,skos:broadMatch,Rhamnolipids,https://data.omgeving.vlaanderen.be/id/concept/chemical_substance/0001765,subset,subclass,high,Unclassified
"Phosphoric acid, mono- and di-C11-14 (linear and branched) alkyl esters",https://data.omgeving.vlaanderen.be/id/concept/chemical_substance/9f66cad8ab5c47ba952b48056396afca,skos:broadMatch,Alkyl phosphates,https://data.omgeving.vlaanderen.be/id/concept/chemical_substance/0003457,subset,direct_parent,high,CAS without structure
xylene,https://data.omgeving.vlaanderen.be/id/concept/chemical_substance/53ce4a4fef75ca681e4620dec84fe711,skos:exactMatch,Xylenes,https://data.omgeving.vlaanderen.be/id/concept/chemical_substance/0004208,exact,subclass,high,CAS without structure
"Hydrocarbons, C4",https://data.omgeving.vlaanderen.be/id/concept/chemical_substance/58ed02d0b8c03d966abd639fccb03fae,skos:broadMatch,Hydrocarbons,https://data.omgeving.vlaanderen.be/id/concept/chemical_substance/0002837,subset,superclass,high,CAS without structure
aramid fibres,https://data.omgeving.vlaanderen.be/id/concept/chemical_substance/7f6ec35c3b1da872d1b8aa46087b6356,skos:broadMatch,Aromatic oligo- and polyamides,https://data.omgeving.vlaanderen.be/id/concept/chemical_substance/0001963,subset,subclass,high,Substance group
